time_s,pos_x_m,pos_z_m,heading_deg,chassis_speed_mps,chassis_accel_mps2,camera_top_speed_mps,camera_top_accel_mps2,camera_top_jerk_mps3,angular_speed_degps
0,2.1,0.3,-90,0,0,0,0,0,0
0.02,2.1,0.3,-90,0,0,5.03188E-08,2.51594E-06,0,0
0.04,2.1,0.3,-90,1.64105E-10,8.20526E-09,1.09518E-08,1.97906E-06,0.000224686,3.18511E-15
0.06,2.1,0.3,-90,0.000227075,0.0113538,0.000227061,0.0113535,0.567606,1.21941E-05
0.08,2.09998,0.3,-90,0.0010021,0.0387512,0.00100206,0.03875,1.36983,1.78864E-05
0.1,2.09993,0.3,-90,0.00245097,0.0724437,0.00245096,0.072445,1.68475,2.05401E-05
0.12,2.09983,0.3,-90,0.00461432,0.108167,0.00461428,0.108166,1.78605,2.17773E-05
0.14,2.09968,0.3,-90,0.00749421,0.143995,0.00749419,0.143996,1.79148,2.22356E-05
0.16,2.09946,0.3,-90,0.0110769,0.179134,0.0110768,0.179132,1.75684,2.24493E-05
0.18,2.09916,0.3,-90,0.0153415,0.213232,0.0153415,0.213234,1.70505,2.27858E-05
0.2,2.09875,0.3,-90,0.0202643,0.246142,0.0202643,0.246141,1.64539,2.29427E-05
0.22,2.09823,0.3,-90,0.0258203,0.277796,0.0258203,0.277797,1.5828,2.30158E-05
0.24,2.09759,0.3,-90,0.0319841,0.308191,0.0319841,0.308191,1.51967,2.30499E-05
0.26,2.09682,0.3,-90,0.0387313,0.33736,0.0387313,0.33736,1.45848,2.30658E-05
0.28,2.0959,0.3,-90,0.0460372,0.365296,0.0460372,0.365294,1.39671,2.30733E-05
0.3,2.09482,0.3,-90,0.0538772,0.392002,0.0538772,0.392001,1.33535,2.30767E-05
0.32,2.09358,0.3,-90,0.0622279,0.417532,0.0622279,0.417534,1.27662,2.21306E-05
0.34,2.09216,0.3,-90,0.0710655,0.441883,0.0710655,0.441882,1.21741,2.16896E-05
0.36,2.09055,0.3,-90,0.0803671,0.465079,0.0803671,0.46508,1.15991,2.14839E-05
0.38,2.08875,0.3,-90,0.09011,0.487148,0.09011,0.487145,1.10326,2.13881E-05
0.4,2.08674,0.3,-90,0.100272,0.508095,0.100272,0.508097,1.04761,2.13434E-05
0.42,2.08452,0.3,-90,0.110831,0.527946,0.110831,0.527944,0.992343,2.13226E-05
0.44,2.08209,0.3,-90,0.121766,0.546731,0.121766,0.546732,0.939405,2.13128E-05
0.46,2.07943,0.3,-90,0.133054,0.56444,0.133054,0.564439,0.885317,2.13083E-05
0.48,2.07653,0.3,-90,0.144677,0.581121,0.144677,0.581122,0.834185,2.13062E-05
0.5,2.07341,0.299996,-90,0.156612,0.596785,0.156617,0.597024,0.795515,2.13053E-05
0.52,2.07003,0.299999,-90,0.168843,0.61154,0.168733,0.605779,0.45672,2.13619E-05
0.54,2.0664,0.3,-90,0.18135,0.625325,0.181324,0.629586,1.20263,0.000195727
0.56,2.06252,0.3,-90,0.194102,0.637632,0.194097,0.638632,0.456873,0.000136736
0.58,2.05837,0.299998,-90,0.207091,0.64942,0.207085,0.649396,0.538903,8.6491E-05
0.6,2.05397,0.3,-90,0.220295,0.66022,0.220391,0.665327,0.842229,5.54865E-05
0.62,2.0493,0.299997,-90,0.233696,0.670062,0.233711,0.666024,0.4147,0.000169914
0.64,2.04435,0.3,-90,0.247284,0.679367,0.247185,0.673696,0.444538,0.000117187
0.66,2.03913,0.3,-90,0.261035,0.687585,0.261015,0.691502,0.905275,0.000282083
0.68,2.03363,0.3,-90,0.274923,0.694403,0.27492,0.695213,0.207925,0.000176996
0.7,2.02785,0.3,-90,0.28894,0.700806,0.28894,0.701005,0.289986,8.25156E-05
0.72,2.02179,0.3,-90,0.303067,0.706372,0.303067,0.706376,0.268672,3.08873E-05
0.74,2.01544,0.3,-90,0.317289,0.711112,0.317289,0.711106,0.236499,6.81815E-06
0.76,2.00881,0.3,-90,0.33159,0.715028,0.33159,0.715027,0.196028,1.19844E-05
0.779999,2.00189,0.3,-90,0.345953,0.71815,0.345953,0.718148,0.156093,2.07501E-05
0.799999,1.99469,0.3,-90,0.360362,0.720464,0.360362,0.720477,0.116453,2.48367E-05
0.819999,1.98719,0.3,-90,0.374803,0.722033,0.374803,0.722024,0.0773407,2.67419E-05
0.839999,1.9794,0.3,-90,0.38926,0.72285,0.38926,0.72285,0.0413079,2.76301E-05
0.859999,1.97133,0.3,-90,0.403719,0.722947,0.403718,0.722936,0.00439118,2.80442E-05
0.879999,1.96297,0.3,-90,0.418165,0.722312,0.418165,0.722319,0.0308494,2.82372E-05
0.899999,1.95432,0.3,-90,0.432584,0.720965,0.432584,0.720975,0.0672126,2.83272E-05
0.919999,1.94538,0.3,-90,0.446963,0.718953,0.446963,0.718944,0.101553,2.83692E-05
0.939999,1.93615,0.3,-90,0.461288,0.716246,0.461288,0.716247,0.134856,2.83887E-05
0.959999,1.92664,0.3,-90,0.475546,0.712885,0.475546,0.712885,0.168085,2.83979E-05
0.979999,1.91684,0.3,-90,0.489723,0.708881,0.489723,0.708878,0.200346,2.84021E-05
0.999999,1.90677,0.3,-90,0.503808,0.704247,0.503808,0.70424,0.231937,2.84041E-05
1.02,1.89641,0.3,-90,0.517788,0.698987,0.517788,0.698996,0.262186,2.8405E-05
1.04,1.88578,0.3,-90,0.53165,0.693119,0.53165,0.693119,0.293851,2.84054E-05
1.06,1.87487,0.3,-90,0.545384,0.686679,0.545384,0.686679,0.322014,2.84056E-05
1.08,1.86369,0.3,-90,0.558977,0.679645,0.558977,0.679645,0.351668,2.84057E-05
1.1,1.85224,0.3,-90,0.572418,0.672052,0.572418,0.672055,0.379536,2.84058E-05
1.12,1.84053,0.3,-90,0.585696,0.663913,0.585696,0.66391,0.407249,2.84058E-05
1.14,1.82855,0.3,-90,0.598801,0.655228,0.598801,0.655228,0.434071,2.84058E-05
1.16,1.81632,0.3,-90,0.611721,0.646034,0.611722,0.646037,0.459552,2.84058E-05
1.18,1.80383,0.3,-90,0.624448,0.636331,0.624448,0.636328,0.48548,2.84058E-05
1.2,1.79109,0.3,-90,0.636971,0.626123,0.636971,0.626123,0.510216,2.84058E-05
1.22,1.77811,0.3,-90,0.649279,0.615445,0.649279,0.615445,0.533909,4.35688E-05
1.24,1.76488,0.3,-90,0.661365,0.60429,0.661365,0.60429,0.557751,5.06378E-05
1.26,1.75141,0.3,-90,0.673219,0.592679,0.673219,0.592679,0.58055,5.39334E-05
1.28,1.73772,0.3,-90,0.684831,0.58063,0.684831,0.58063,0.602454,5.54698E-05
1.3,1.72379,0.3,-90,0.696195,0.568164,0.696195,0.568164,0.623316,5.61861E-05
1.32,1.70965,0.3,-90,0.7073,0.55525,0.7073,0.55525,0.645668,5.652E-05
1.34,1.69529,0.3,-90,0.718139,0.541973,0.718139,0.54197,0.663997,5.66757E-05
1.36,1.68071,0.3,-90,0.728705,0.528285,0.728705,0.528288,0.684116,5.67482E-05
1.38,1.66593,0.3,-90,0.738989,0.514218,0.738989,0.514218,0.703484,5.67821E-05
1.4,1.65095,0.3,-90,0.748985,0.499803,0.748985,0.499803,0.720768,5.67979E-05
1.42,1.63578,0.3,-90,0.758686,0.485024,0.758686,0.485024,0.73895,5.68052E-05
1.44,1.62042,0.3,-90,0.768084,0.469902,0.768084,0.469902,0.756085,5.68086E-05
1.46,1.60487,0.3,-90,0.777173,0.454477,0.777173,0.45448,0.771135,5.68102E-05
1.48,1.58915,0.3,-90,0.785948,0.438726,0.785948,0.438723,0.787825,5.6811E-05
1.5,1.57327,0.3,-90,0.794401,0.422675,0.794401,0.422675,0.802428,5.68113E-05
1.52,1.55722,0.3,-90,0.802528,0.406346,0.802528,0.406337,0.816883,5.68115E-05
1.54,1.54101,0.3,-90,0.810323,0.38974,0.810323,0.389746,0.829548,5.68116E-05
1.56,1.52465,0.3,-90,0.81778,0.372866,0.81778,0.372869,0.843853,5.68116E-05
1.58,1.50816,0.3,-90,0.824895,0.355754,0.824895,0.355754,0.855774,5.68116E-05
1.6,1.49152,0.3,-90,0.831663,0.338406,0.831664,0.338409,0.867249,5.68116E-05
1.62,1.47476,0.3,-90,0.83808,0.320846,0.83808,0.320843,0.878275,5.68116E-05
1.64,1.45788,0.3,-90,0.844141,0.303048,0.844141,0.303048,0.889749,5.68116E-05
1.66,1.44088,0.3,-90,0.849843,0.285068,0.849843,0.285068,0.898987,5.68116E-05
1.68,1.42378,0.3,-90,0.855181,0.266922,0.855181,0.266925,0.907183,5.68116E-05
1.7,1.40657,0.3,-90,0.860152,0.248563,0.860152,0.24856,0.918211,5.68116E-05
1.72,1.38928,0.3,-90,0.864754,0.230083,0.864754,0.230083,0.923873,5.68116E-05
1.74,1.3719,0.3,-90,0.868983,0.211439,0.868983,0.211439,0.932217,5.68116E-05
1.76,1.35444,0.3,-90,0.872836,0.19266,0.872836,0.19266,0.938923,5.68116E-05
1.78,1.33692,0.3,-90,0.876311,0.173769,0.876311,0.173769,0.944585,5.68116E-05
1.8,1.31933,0.3,-90,0.879407,0.154764,0.879407,0.154764,0.950248,5.68116E-05
1.82,1.30169,0.3,-90,0.88212,0.135654,0.88212,0.135654,0.955463,7.19746E-05
1.84,1.284,0.3,-90,0.884449,0.116477,0.884449,0.116477,0.958891,7.90436E-05
1.86,1.26627,0.3,-90,0.886394,0.0972331,0.886394,0.0972301,0.962318,8.23392E-05
1.88,1.24851,0.3,-90,0.887952,0.0779063,0.887952,0.0779093,0.966043,8.38756E-05
1.9,1.23073,0.3,-90,0.889123,0.0585407,0.889123,0.0585407,0.968427,8.45919E-05
1.92,1.21293,0.3,-90,0.889906,0.0391484,0.889906,0.0391484,0.969619,8.49258E-05
1.94,1.19512,0.3,-90,0.890301,0.0197351,0.890301,0.0197351,0.970662,8.50815E-05
1.96,1.17732,0.3,-90,0.890307,0.000315905,0.890307,0.00031889,0.970811,8.5154E-05
1.98,1.15952,0.3,-90,0.889924,0.0191212,0.889924,0.0191242,0.972153,8.51879E-05
2,1.14174,0.3,-90,0.889154,0.0385344,0.889153,0.0385493,0.971259,8.52037E-05
2.02,1.12398,0.3,-90,0.887996,0.057894,0.887996,0.0578791,0.966491,8.5211E-05
2.04,1.10625,0.3,-90,0.886451,0.0772328,0.886451,0.0772298,0.967533,8.52144E-05
2.06,1.08856,0.3,-90,0.884521,0.0965298,0.884521,0.0965327,0.965149,8.5216E-05
2.08,1.07091,0.3,-90,0.882206,0.115749,0.882206,0.115749,0.960828,8.52168E-05
2.1,1.05332,0.3,-90,0.879508,0.134894,0.879508,0.134891,0.957103,8.52171E-05
2.12,1.03579,0.3,-90,0.876429,0.153941,0.876429,0.153944,0.952632,8.52173E-05
2.14,1.01833,0.3,-90,0.872971,0.172889,0.872971,0.172889,0.947268,8.52174E-05
2.16,1.00095,0.3,-90,0.869137,0.191724,0.869137,0.191724,0.941754,8.52174E-05
2.18,0.983652,0.3,-90,0.864928,0.210431,0.864928,0.210431,0.935347,8.52174E-05
2.2,0.966445,0.3,-90,0.860348,0.229001,0.860348,0.229001,0.928492,8.52174E-05
2.22,0.949337,0.3,-90,0.855399,0.247428,0.855399,0.247428,0.92134,8.52174E-05
2.24,0.932336,0.3,-90,0.850086,0.265679,0.850086,0.265679,0.912548,8.52174E-05
2.26,0.915447,0.3,-90,0.844411,0.283745,0.844411,0.283742,0.90316,8.52174E-05
2.28,0.89868,0.3,-90,0.838378,0.301632,0.838378,0.301635,0.894666,8.52174E-05
2.3,0.88204,0.3,-90,0.831992,0.31932,0.831992,0.31932,0.884235,8.52174E-05
2.32,0.865535,0.3,-90,0.825256,0.336784,0.825256,0.336784,0.873208,8.52174E-05
2.34,0.849171,0.3,-90,0.818175,0.354055,0.818175,0.354055,0.863524,8.52174E-05
2.36,0.832956,0.3,-90,0.810754,0.371051,0.810754,0.371051,0.849814,8.52174E-05
2.38,0.816896,0.3,-90,0.802998,0.387806,0.802998,0.387803,0.837595,8.52174E-05
2.4,0.800998,0.3,-90,0.794912,0.404296,0.794912,0.404299,0.82478,8.52174E-05
2.42,0.785268,0.3,-90,0.786502,0.420529,0.786502,0.420529,0.811519,8.52174E-05
2.44,0.769713,0.3,-90,0.777772,0.436461,0.777772,0.436461,0.796616,8.52174E-05
2.46,0.754338,0.3,-90,0.768731,0.452093,0.768731,0.452093,0.781566,8.52174E-05
2.48,0.73915,0.3,-90,0.759382,0.467414,0.759382,0.467414,0.766069,8.52174E-05
2.5,0.724156,0.3,-90,0.749734,0.482419,0.749734,0.482419,0.750274,8.52174E-05
2.52,0.70936,0.3,-90,0.739792,0.497073,0.739792,0.497073,0.732692,7.00544E-05
2.54,0.694769,0.3,-90,0.729565,0.511384,0.729565,0.511384,0.715553,6.29854E-05
2.56,0.680387,0.3,-90,0.719058,0.525335,0.719058,0.525335,0.697524,5.96899E-05
2.58,0.666222,0.3,-90,0.70828,0.538925,0.70828,0.538925,0.679496,5.81535E-05
2.6,0.652277,0.3,-90,0.697237,0.552118,0.697237,0.552115,0.659526,5.74372E-05
2.62,0.638558,0.3,-90,0.685939,0.564897,0.685939,0.564909,0.639707,5.71033E-05
2.64,0.62507,0.3,-90,0.674393,0.577295,0.674393,0.577289,0.618995,5.69476E-05
2.66,0.611818,0.3,-90,0.662608,0.589258,0.662608,0.589255,0.598282,5.6875E-05
2.68,0.598806,0.3,-90,0.650592,0.600794,0.650592,0.600791,0.576824,5.68412E-05
2.7,0.586039,0.3,-90,0.638355,0.611863,0.638355,0.611866,0.553727,5.68254E-05
2.72,0.573521,0.3,-90,0.625905,0.622493,0.625905,0.62249,0.531227,5.68181E-05
2.74,0.561256,0.3,-90,0.613252,0.632653,0.613252,0.632656,0.508279,5.68146E-05
2.76,0.549248,0.3,-90,0.600406,0.642312,0.600406,0.642312,0.482798,5.6813E-05
2.78,0.537501,0.3,-90,0.587376,0.651497,0.587376,0.651494,0.459105,5.68123E-05
2.8,0.526017,0.3,-90,0.574173,0.66014,0.574173,0.660143,0.432432,5.68119E-05
2.82,0.514801,0.3,-90,0.560807,0.668299,0.560807,0.668299,0.407845,5.68118E-05
2.84,0.503855,0.3,-90,0.547289,0.675926,0.547289,0.675926,0.381321,5.68117E-05
2.86,0.493183,0.3,-90,0.533629,0.682977,0.533629,0.682977,0.352565,5.68117E-05
2.88,0.482786,0.3,-90,0.51984,0.689483,0.51984,0.689483,0.325293,5.68116E-05
2.9,0.472667,0.3,-90,0.505931,0.695441,0.505931,0.695441,0.297874,4.92301E-05
2.92,0.462829,0.3,-90,0.491915,0.700783,0.491915,0.700783,0.267103,4.56956E-05
2.94,0.453273,0.3,-90,0.477804,0.705552,0.477804,0.705552,0.238493,4.40478E-05
2.96,0.444001,0.3,-90,0.46361,0.709725,0.46361,0.709723,0.208542,4.32796E-05
2.98,0.435014,0.3,-90,0.449344,0.713268,0.449344,0.71327,0.177324,4.29215E-05
3,0.426313,0.3,-90,0.435021,0.716175,0.435021,0.716175,0.145286,4.27545E-05
3.02,0.4179,0.3,-90,0.420652,0.718448,0.420652,0.718446,0.113547,4.26767E-05
3.04,0.409775,0.3,-90,0.40625,0.720062,0.40625,0.720063,0.0808389,4.26404E-05
3.06,0.401939,0.3,-90,0.391831,0.720995,0.391831,0.720993,0.0464919,4.26235E-05
3.08,0.394391,0.3,-90,0.377405,0.721276,0.377405,0.721275,0.0140816,4.26156E-05
3.1,0.387131,0.3,-90,0.362988,0.72084,0.362988,0.720843,0.0216069,4.26119E-05
3.12,0.380159,0.3,-90,0.348594,0.719725,0.348594,0.719725,0.0558794,3.50287E-05
3.14,0.373474,0.3,-90,0.334236,0.717883,0.334236,0.717882,0.0921637,3.14934E-05
3.16,0.367076,0.3,-90,0.31993,0.715322,0.31993,0.715322,0.128001,3.74268E-05
3.18,0.360962,0.3,-90,0.305689,0.712015,0.305689,0.712026,0.164807,3.26114E-05
3.2,0.355131,0.3,-90,0.291531,0.707935,0.291531,0.707926,0.204966,3.03665E-05
3.22,0.34958,0.299996,-90,0.277468,0.70314,0.277465,0.703279,0.232418,2.93199E-05
3.24,0.344311,0.299999,-90,0.263517,0.697556,0.263544,0.696055,0.443829,2.88185E-05
3.26,0.339318,0.3,-90,0.249693,0.691174,0.249701,0.692167,0.488895,0.000232973
3.28,0.334597,0.3,-90,0.236016,0.683844,0.236022,0.683979,0.438161,0.000142729
3.3,0.330146,0.299996,-90,0.222499,0.675888,0.222498,0.676193,0.389854,5.89588E-05
3.32,0.325964,0.3,-90,0.209157,0.667069,0.209187,0.665583,0.586429,1.23364E-05
3.34,0.322044,0.3,-90,0.196007,0.657507,0.196017,0.658501,0.541191,0.000191508
3.36,0.318383,0.3,-90,0.183071,0.646806,0.183076,0.647017,0.591234,0.000112025
3.38,0.314976,0.3,-90,0.170363,0.635419,0.170364,0.635601,0.571169,4.46448E-05
3.4,0.311818,0.3,-90,0.157899,0.623206,0.157899,0.623254,0.617525,5.65039E-06
3.42,0.308902,0.299997,-90,0.145698,0.610046,0.145696,0.610182,0.653611,1.25288E-05
3.44,0.306228,0.3,-90,0.133776,0.596082,0.133808,0.594424,0.820584,1.72037E-05
3.46,0.303785,0.3,-90,0.122152,0.581188,0.122162,0.582266,0.723438,0.000107595
3.48,0.301566,0.299998,-90,0.110849,0.56515,0.110854,0.565428,0.851938,6.15336E-05
3.5,0.29957,0.3,-90,0.0998825,0.548342,0.0999123,0.547087,0.93234,2.11136E-05
3.52,0.297785,0.3,-90,0.0892693,0.530657,0.0892778,0.531727,0.806005,6.48072E-05
3.54,0.296204,0.3,-90,0.0790329,0.511823,0.0790352,0.51213,0.983647,3.2109E-05
3.56,0.294821,0.3,-90,0.0691903,0.492129,0.0691913,0.492194,0.99701,7.38771E-06
3.58,0.293625,0.3,-90,0.0597613,0.471453,0.0597615,0.471494,1.035,5.08505E-06
3.6,0.29261,0.3,-90,0.0507652,0.449804,0.0507649,0.44983,1.0832,9.95216E-06
3.62,0.291766,0.3,-90,0.0422237,0.427074,0.0422237,0.427059,1.13857,1.12735E-05
3.64,0.291081,0.299998,-90,0.0341556,0.403404,0.0341539,0.403487,1.17861,1.09419E-05
3.66,0.290549,0.299997,-90,0.0265817,0.378699,0.026629,0.376267,1.37358,9.83744E-06
3.68,0.290158,0.299997,-90,0.0195211,0.353027,0.0195793,0.352492,1.19617,1.48414E-05
3.7,0.289898,0.299997,-90,0.0129988,0.326116,0.0130585,0.326046,1.32256,2.70579E-05
3.72,0.289757,0.299997,-90,0.00703645,0.298118,0.00709712,0.298079,1.39834,2.94952E-05
3.74,0.289724,0.299997,-90,0.00165499,0.269073,0.00171629,0.26912,1.44796,2.71077E-05
3.76,0.289787,0.299997,-90,0.00312497,0.238998,0.00306664,0.238985,1.50678,2.27065E-05
3.78,0.289932,0.299997,-90,0.00728158,0.20783,0.00722256,0.207829,1.55776,1.79304E-05
3.8,0.290148,0.299997,-90,0.0107909,0.175468,0.010732,0.175482,1.61737,1.33348E-05
3.82,0.290421,0.299997,-90,0.013631,0.142003,0.0135717,0.141986,1.6748,9.29652E-06
3.84,0.290736,0.299997,-90,0.0157785,0.107376,0.0157192,0.107376,1.7305,5.75558E-06
3.86,0.291081,0.299997,-90,0.0172115,0.0716521,0.0171522,0.0716514,1.78624,3.15707E-06
3.88,0.291439,0.299998,-90,0.0179062,0.034733,0.0178471,0.0347465,1.84525,1.47213E-06
3.9,0.291794,0.299998,-89.9993,0.0177861,0.00600629,0.0177265,0.00603248,2.03895,0.0342786
3.92,0.292118,0.299998,-89.9888,0.0161924,0.079682,0.0161356,0.0795421,3.67548,0.527789
3.94,0.292373,0.299998,-89.9532,0.0127599,0.171627,0.0126955,0.172013,4.62355,1.7797
3.96,0.292523,0.299998,-89.8753,0.00745408,0.265291,0.00739403,0.265083,4.65362,3.89192
3.98,0.29253,0.299998,-89.7381,0.00038201,0.353606,0.000327276,0.353903,4.44098,6.86363
4,0.292364,0.299999,-89.5252,0.00829025,0.433609,0.00834768,0.433157,3.9639,10.6416
4.02,0.291997,0.300001,-89.2223,0.0183758,0.504279,0.0184363,0.504458,3.56687,15.1472
4.04,0.291403,0.300009,-88.8165,0.0296833,0.565398,0.0297445,0.565456,3.06039,20.2906
4.06,0.290565,0.300027,-88.2969,0.0420234,0.6171,0.0420626,0.616038,2.56576,25.9786
4.08,0.289461,0.300056,-87.6545,0.0552143,0.659825,0.055221,0.658323,2.23248,32.1182
4.1,0.288079,0.300104,-86.8822,0.0690808,0.694015,0.0690941,0.69435,1.91811,38.6192
4.12,0.286413,0.300187,-85.9743,0.0834518,0.720031,0.0834661,0.720023,1.64819,45.3949
4.14,0.284454,0.30031,-84.927,0.0981659,0.738597,0.0981716,0.738322,1.76083,52.3629
4.16,0.2822,0.30049,-83.7381,0.113076,0.750735,0.113082,0.750766,1.73003,59.4446
4.18,0.279652,0.300743,-82.4068,0.128037,0.756914,0.128037,0.756643,2.01785,66.5664
4.2,0.276814,0.301086,-80.9336,0.142915,0.758139,0.142915,0.758182,2.32544,73.6586
4.22,0.273695,0.30154,-79.3205,0.157583,0.75536,0.157583,0.755314,2.65648,80.6562
4.24,0.270307,0.302125,-77.5705,0.171925,0.749572,0.171925,0.749573,2.99108,87.4981
4.26,0.266664,0.302864,-75.688,0.185832,0.741786,0.185832,0.741788,3.30481,94.1277
4.28,0.262786,0.303777,-73.6781,0.199203,0.732998,0.199203,0.732999,3.59445,100.492
4.3,0.258695,0.304886,-71.5473,0.211945,0.724118,0.211945,0.724116,3.85319,106.543
4.32,0.254416,0.306211,-69.3025,0.223974,0.715969,0.223974,0.715967,4.07693,112.236
4.34,0.249978,0.307771,-66.9519,0.235212,0.70919,0.235212,0.709191,4.26408,117.53
4.36,0.245412,0.309582,-64.5042,0.24559,0.704224,0.24559,0.704228,4.41859,122.388
4.38,0.240753,0.311658,-61.9687,0.255046,0.701286,0.255046,0.701285,4.53461,126.777
4.4,0.236035,0.314008,-59.3553,0.263522,0.700361,0.263521,0.70034,4.62465,130.668
4.42,0.231296,0.316637,-56.6746,0.27097,0.701232,0.27097,0.701248,4.68126,134.035
4.44,0.226574,0.319547,-53.9375,0.277348,0.703528,0.277348,0.703529,4.72412,136.856
4.46,0.221907,0.322735,-51.1552,0.28262,0.706778,0.28262,0.706778,4.74403,139.114
4.48,0.21733,0.326192,-48.3393,0.286755,0.710465,0.286755,0.710464,4.75355,140.794
4.5,0.212881,0.329905,-45.5016,0.289729,0.714098,0.289729,0.714098,4.75583,141.886
4.52,0.208593,0.333855,-42.654,0.291527,0.717262,0.291527,0.717263,4.75502,142.382
4.54,0.204496,0.33802,-39.8084,0.292135,0.719633,0.292135,0.719633,4.75509,142.279
4.56,0.200617,0.342374,-36.9768,0.29155,0.721033,0.29155,0.721032,4.75727,141.579
4.58,0.19698,0.346886,-34.1711,0.289773,0.721418,0.289773,0.721419,4.76293,140.285
4.6,0.193602,0.351522,-31.403,0.286814,0.720887,0.286813,0.720887,4.77038,138.405
4.62,0.190499,0.356248,-28.684,0.282686,0.719667,0.282686,0.719667,4.77815,135.95
4.64,0.187677,0.361026,-26.0253,0.277413,0.718094,0.277413,0.718094,4.78277,132.937
4.66,0.185143,0.365817,-23.4376,0.271024,0.716569,0.271024,0.716568,4.77929,129.384
4.68,0.182893,0.370584,-20.9314,0.263556,0.715518,0.263556,0.715516,4.76303,125.313
4.7,0.180923,0.375289,-18.5163,0.255055,0.715338,0.255055,0.715342,4.72913,120.752
4.72,0.179222,0.379897,-16.2017,0.245573,0.716346,0.245573,0.71636,4.67337,115.729
4.74,0.177776,0.384372,-13.9962,0.235171,0.718719,0.235171,0.718702,4.58674,110.279
4.76,0.17657,0.388685,-11.9074,0.223916,0.722455,0.223916,0.722454,4.47391,104.437
4.78,0.175582,0.392806,-9.94255,0.211887,0.727364,0.211887,0.727362,4.32446,98.2439
4.8,0.174791,0.39671,-8.10767,0.199168,0.733056,0.199168,0.733056,4.1405,91.7438
4.82,0.174175,0.400376,-6.408,0.185852,0.738943,0.185852,0.738944,3.92149,84.9835
4.84,0.17371,0.403785,-4.84774,0.172039,0.744298,0.172039,0.744299,3.6691,78.0132
4.86,0.173374,0.406924,-3.43,0.157839,0.748281,0.157839,0.74828,3.38709,70.8869
4.88,0.173143,0.409782,-2.15678,0.143369,0.749991,0.143369,0.749993,3.08394,63.6613
4.9,0.172995,0.412354,-1.02884,0.128752,0.748493,0.128749,0.748597,2.77367,56.3969
4.92,0.172916,0.414634,-0.0456937,0.11412,0.742856,0.114139,0.741278,2.58771,49.1572
4.94,0.172883,0.416626,0.794491,0.0996115,0.732295,0.0996192,0.733119,1.93826,42.0092
4.96,0.172883,0.418333,1.49495,0.0853762,0.715721,0.0853778,0.716091,2.04034,35.0229
4.98,0.172904,0.419768,2.06039,0.0715655,0.692651,0.0715601,0.692984,1.91147,28.2718
5,0.172931,0.420932,2.49703,0.0583397,0.662323,0.0584498,0.656773,2.06197,21.8325
5.02,0.172961,0.421849,2.81273,0.0458634,0.624268,0.0458953,0.628093,1.88297,15.785
5.04,0.172989,0.422535,3.01699,0.0343188,0.577398,0.0343594,0.576903,2.64417,10.2127
5.06,0.17301,0.423013,3.12103,0.0238812,0.521931,0.0239122,0.522394,2.74765,5.20219
5.08,0.173025,0.423307,3.1379,0.0147405,0.457043,0.0147863,0.456298,3.31723,0.843334
5.1,0.173034,0.423447,3.08248,0.00709246,0.382401,0.00711516,0.383557,3.63876,2.77071
5.12,0.173035,0.42347,2.97162,0.00114113,0.297568,0.00114337,0.29859,4.24892,5.54331
5.14,0.173032,0.423412,2.82413,0.00290295,0.202202,0.00289874,0.202102,4.82502,7.37464
5.16,0.173024,0.423316,2.66037,0.00485928,0.0978181,0.00485774,0.097952,5.20759,8.18782
5.18,0.173019,0.423214,2.49377,0.0051274,0.0134198,0.005092,0.0124789,4.3207,8.32984
5.2,0.173015,0.423132,2.33115,0.00409343,0.0517007,0.0040619,0.0515096,3.16792,8.13136
5.22,0.173013,0.423093,2.17578,0.0019485,0.107247,0.0019088,0.107785,2.81467,7.76808
5.24,0.173014,0.423117,2.02913,0.00119801,0.157323,0.00123956,0.156905,2.45639,7.33286
5.26,0.173018,0.423223,1.89164,0.00527365,0.203782,0.00531491,0.203964,2.35443,6.87433
5.28,0.173025,0.423427,1.76329,0.0102227,0.247451,0.0102655,0.247554,2.1797,6.41753
5.3,0.173035,0.423747,1.64379,0.0159971,0.288724,0.0160404,0.288747,2.06024,5.97502
5.32,0.173048,0.424198,1.53274,0.0225526,0.327782,0.0225905,0.327506,1.93835,5.5526
5.34,0.173064,0.424794,1.42968,0.0298471,0.364733,0.0298817,0.364556,1.85269,5.15269
5.36,0.173084,0.425551,1.33417,0.0378397,0.399643,0.0378909,0.400472,1.80096,4.77577
5.38,0.173109,0.426479,1.24574,0.0464908,0.432566,0.0465111,0.43101,1.52998,4.42145
5.4,0.173135,0.427594,1.16396,0.0557619,0.463575,0.0557645,0.462668,1.58327,4.0889
5.42,0.173161,0.428907,1.08842,0.0656157,0.492709,0.0656298,0.493287,1.54873,3.77713
5.44,0.173191,0.430427,1.01872,0.0760124,0.519859,0.0760417,0.52063,1.37223,3.48504
5.46,0.173222,0.432165,0.95449,0.0869148,0.545142,0.0869408,0.544979,1.21772,3.2114
5.48,0.173258,0.434129,0.895386,0.0982893,0.568749,0.0983143,0.568699,1.18643,2.95524
5.5,0.173294,0.436331,0.841074,0.110101,0.590635,0.110115,0.59006,1.07116,2.71557
5.52,0.173329,0.438778,0.791246,0.122318,0.610873,0.122319,0.610206,1.0131,2.49142
5.54,0.17337,0.441475,0.745609,0.134903,0.629248,0.134927,0.630482,1.04097,2.28182
5.56,0.17341,0.444431,0.703892,0.147822,0.646008,0.147823,0.644808,0.785195,2.08587
5.58,0.173449,0.447653,0.665834,0.161049,0.661341,0.161055,0.661604,0.855033,1.90292
5.6,0.173493,0.451142,0.631191,0.174548,0.674967,0.174566,0.675574,0.708925,1.73213
5.62,0.173536,0.454908,0.599737,0.188287,0.686991,0.188296,0.686521,0.567054,1.5727
5.64,0.17358,0.458952,0.571254,0.20224,0.6977,0.202245,0.697483,0.552127,1.42416
5.66,0.173624,0.463279,0.545539,0.216377,0.706846,0.216377,0.706617,0.457258,1.28575
5.68,0.173669,0.467892,0.5224,0.230668,0.71456,0.230668,0.714557,0.397167,1.15694
5.7,0.173711,0.472795,0.501658,0.245085,0.720874,0.245083,0.720798,0.312359,1.03711
5.72,0.173761,0.477986,0.483141,0.259601,0.725821,0.259619,0.726893,0.493501,0.925822
5.74,0.173809,0.483469,0.466696,0.274189,0.729432,0.274201,0.729104,0.675007,0.822279
5.76,0.173858,0.489246,0.452161,0.288825,0.731821,0.288823,0.731101,0.267143,0.726728
5.78,0.173907,0.495317,0.439394,0.303483,0.732888,0.303486,0.733145,0.107615,0.638331
5.8,0.173956,0.501678,0.428262,0.318137,0.73271,0.318178,0.734629,0.0828376,0.556627
5.82,0.174007,0.508333,0.418635,0.33276,0.731187,0.332772,0.7297,0.259099,0.481327
5.84,0.174059,0.515279,0.410394,0.347337,0.728853,0.347342,0.728518,0.062569,0.412083
5.86,0.174111,0.522516,0.403422,0.361841,0.72517,0.361841,0.724932,0.179314,0.348603
5.88,0.174165,0.530041,0.397611,0.376248,0.720357,0.376248,0.720357,0.229226,0.290548
5.9,0.17422,0.537851,0.392858,0.390537,0.714482,0.390537,0.714484,0.293765,0.237614
5.92,0.174276,0.545945,0.389066,0.404688,0.707563,0.404688,0.707562,0.3463,0.189601
5.94,0.174333,0.554318,0.386142,0.418681,0.699638,0.418681,0.69964,0.396265,0.146216
5.96,0.174391,0.562968,0.383997,0.432495,0.690712,0.432495,0.690712,0.446531,0.107264
5.98,0.174451,0.57189,0.382547,0.446112,0.680844,0.446112,0.680842,0.4936,0.0724931
6,0.174513,0.58108,0.381712,0.459513,0.670049,0.459513,0.67005,0.539714,0.0417341
6.02,0.174576,0.590533,0.381418,0.47268,0.658356,0.47268,0.658356,0.584845,0.0147332
6.04,0.174641,0.600245,0.38159,0.485596,0.64579,0.485596,0.645773,0.629234,0.00863558
6.06,0.174707,0.61021,0.382163,0.498244,0.632392,0.498244,0.63241,0.668213,0.0286052
6.08,0.174775,0.620422,0.383068,0.510608,0.618187,0.510608,0.618185,0.711313,0.0452842
6.1,0.174845,0.630875,0.384246,0.522672,0.603203,0.522672,0.603206,0.749022,0.0588674
6.12,0.174917,0.641563,0.385637,0.534421,0.587459,0.534421,0.587456,0.787531,0.0695669
6.14,0.17499,0.65248,0.387186,0.545841,0.570997,0.545841,0.570997,0.822996,0.0774359
6.16,0.175065,0.663618,0.388839,0.556918,0.553846,0.556918,0.553843,0.857713,0.0826663
6.18,0.175142,0.67497,0.390548,0.567638,0.536031,0.567639,0.536052,0.8896,0.0854534
6.2,0.175221,0.68653,0.392266,0.57799,0.517577,0.57799,0.517556,0.924775,0.0859036
6.22,0.175301,0.698289,0.393949,0.58796,0.498519,0.58796,0.498522,0.951739,0.0841272
6.24,0.175383,0.710239,0.395554,0.597538,0.478879,0.597538,0.478879,0.982157,0.0802664
6.26,0.175466,0.722373,0.397044,0.606711,0.458687,0.606712,0.45869,1.00943,0.0745089
6.27999,0.175551,0.734682,0.398383,0.615471,0.437977,0.615471,0.437974,1.03581,0.0669423
6.29999,0.175638,0.747158,0.399539,0.623806,0.416772,0.623806,0.416772,1.0601,0.0577893
6.31999,0.175726,0.759792,0.400481,0.631708,0.395096,0.631708,0.395078,1.08473,0.0471082
6.33999,0.175815,0.772575,0.401182,0.639168,0.372984,0.639168,0.373002,1.1038,0.0350627
6.35999,0.175905,0.785498,0.401618,0.646177,0.350464,0.646177,0.350461,1.12705,0.0217746
6.37999,0.175997,0.798553,0.401765,0.652728,0.327556,0.652728,0.327559,1.1451,0.00739165
6.39999,0.176089,0.811728,0.401607,0.658814,0.304303,0.658814,0.304303,1.16284,0.00794143
6.41999,0.176182,0.825017,0.401125,0.664429,0.280715,0.664429,0.280715,1.1794,0.0240966
6.43999,0.176276,0.838408,0.400305,0.669565,0.256833,0.669565,0.256836,1.19401,0.0409685
6.45999,0.17637,0.851892,0.399138,0.674219,0.232673,0.674219,0.23267,1.20833,0.0583717
6.47999,0.176465,0.865459,0.397614,0.678384,0.208267,0.678384,0.20827,1.2201,0.0762046
6.49999,0.17656,0.8791,0.395727,0.682057,0.183649,0.682057,0.183646,1.23129,0.0943591
6.51999,0.176655,0.892804,0.393473,0.685234,0.158835,0.685234,0.158838,1.24053,0.112679
6.53999,0.17675,0.906562,0.390852,0.687911,0.133872,0.687911,0.133869,1.24858,0.131045
6.55999,0.176844,0.920364,0.387865,0.690086,0.10876,0.690086,0.10876,1.25573,0.149357
6.57999,0.176938,0.934198,0.384515,0.691757,0.0835549,0.691757,0.0835579,1.2605,0.167492
6.59999,0.177032,0.948057,0.380807,0.692922,0.0582675,0.692922,0.0582616,1.26557,0.185409
6.61999,0.177125,0.961928,0.376749,0.693579,0.0329522,0.693579,0.0329551,1.2672,0.20292
6.63999,0.177216,0.975802,0.37235,0.693729,0.00785494,0.693729,0.00785463,1.26913,0.219924
6.65999,0.177307,0.989669,0.367623,0.693372,0.0180337,0.693372,0.0180339,1.26823,0.236372
6.67999,0.177397,1.00352,0.362579,0.692508,0.0433027,0.692508,0.0433026,1.26807,0.252199
6.69999,0.177485,1.01734,0.357233,0.691138,0.0685737,0.691138,0.0685709,1.26464,0.267295
6.71999,0.177572,1.03113,0.351601,0.689263,0.093783,0.689263,0.0937853,1.26133,0.281611
6.73999,0.177657,1.04486,0.345699,0.686886,0.118883,0.686886,0.118887,1.25539,0.295078
6.75999,0.17774,1.05854,0.339547,0.68401,0.143858,0.68401,0.143855,1.24865,0.307619
6.77999,0.177822,1.07216,0.333162,0.680638,0.168654,0.680638,0.168654,1.24015,0.319242
6.79999,0.177902,1.08569,0.326565,0.676773,0.193284,0.676773,0.193281,1.2315,0.329862
6.81999,0.177979,1.09914,0.319775,0.67242,0.217679,0.67242,0.217682,1.22016,0.339498
6.83999,0.178055,1.11249,0.312813,0.667584,0.241844,0.667584,0.241844,1.20823,0.3481
6.85999,0.178128,1.12574,0.3057,0.66227,0.265729,0.66227,0.265729,1.19437,0.355628
6.87999,0.1782,1.13887,0.298458,0.656483,0.289334,0.656484,0.289331,1.18021,0.362125
6.89999,0.178268,1.15187,0.291106,0.650232,0.312611,0.650232,0.312613,1.16423,0.367579
6.91999,0.178335,1.16474,0.283666,0.643522,0.33553,0.643522,0.335533,1.14608,0.372018
6.93999,0.178399,1.17747,0.276157,0.636361,0.358077,0.636361,0.358074,1.12713,0.375421
6.95999,0.178461,1.19004,0.268601,0.628756,0.38023,0.628756,0.38023,1.10791,0.377797
6.97999,0.17852,1.20246,0.261017,0.620718,0.401945,0.620718,0.401945,1.08585,0.379207
6.99999,0.178577,1.2147,0.253423,0.612254,0.423207,0.612254,0.423207,1.0632,0.379698
7.01999,0.178631,1.22677,0.245838,0.603375,0.443989,0.603375,0.443989,1.03921,0.379244
7.03999,0.178683,1.23865,0.23828,0.59409,0.464246,0.59409,0.464261,1.01373,0.377926
7.05999,0.178733,1.25034,0.230764,0.584411,0.483991,0.584411,0.483976,0.985873,0.37581
7.07999,0.17878,1.26183,0.223306,0.574348,0.503161,0.574348,0.503161,0.959338,0.372898
7.09999,0.178825,1.2731,0.21592,0.563913,0.521737,0.563914,0.521729,0.9285,0.369281
7.11999,0.178868,1.28417,0.208621,0.553119,0.539706,0.553119,0.539715,0.899464,0.364957
7.13999,0.178908,1.29501,0.201421,0.541979,0.557031,0.541979,0.557031,0.865919,0.360014
7.15999,0.178947,1.30562,0.19433,0.530506,0.573686,0.530506,0.573686,0.83285,0.354526
7.17999,0.178983,1.31599,0.18736,0.518713,0.589643,0.518713,0.589643,0.797985,0.348525
7.19999,0.179017,1.32612,0.180518,0.506615,0.604882,0.506615,0.604882,0.762082,0.342073
7.21999,0.179049,1.33601,0.173814,0.494228,0.619368,0.494228,0.61936,0.724006,0.335184
7.23999,0.179079,1.34564,0.167255,0.481567,0.633092,0.481566,0.633104,0.687382,0.327961
7.25999,0.179107,1.35501,0.160846,0.468647,0.646002,0.468646,0.646013,0.645573,0.32047
7.27999,0.179133,1.36412,0.154592,0.455485,0.658093,0.455485,0.65808,0.60347,0.312716
7.29999,0.179158,1.37296,0.148497,0.442098,0.669324,0.442098,0.669324,0.562373,0.30475
7.31999,0.179181,1.38153,0.142564,0.428505,0.679673,0.428505,0.679675,0.51767,0.296624
7.33999,0.179202,1.38983,0.136797,0.414723,0.689118,0.414723,0.689116,0.47223,0.288377
7.35999,0.179222,1.39784,0.131195,0.40077,0.697639,0.40077,0.697637,0.426198,0.280082
7.37999,0.17924,1.40558,0.12576,0.386666,0.705194,0.386666,0.705192,0.377925,0.271742
7.39999,0.179257,1.41302,0.120492,0.372431,0.711752,0.372431,0.711757,0.328394,0.263381
7.41999,0.179272,1.42019,0.115391,0.358085,0.717305,0.358085,0.717304,0.277533,0.255078
7.43999,0.179286,1.42706,0.110455,0.343649,0.721825,0.343649,0.721825,0.226289,0.246817
7.45999,0.1793,1.43364,0.105681,0.329144,0.725265,0.329144,0.725258,0.17186,0.238675
7.47999,0.179312,1.43993,0.101068,0.314591,0.727622,0.314591,0.727631,0.11905,0.230634
7.49999,0.179323,1.44593,0.0966131,0.300014,0.72886,0.300014,0.728857,0.0618183,0.22276
7.51999,0.179332,1.45164,0.0923123,0.285435,0.728954,0.285435,0.728954,0.00932749,0.215041
7.53999,0.179341,1.45706,0.0881626,0.270877,0.72788,0.270877,0.72788,0.05426,0.207485
7.55999,0.17935,1.46219,0.0841605,0.256365,0.725595,0.256365,0.725593,0.114536,0.200104
7.57999,0.179353,1.46703,0.0803023,0.241924,0.722093,0.241921,0.722218,0.169092,0.192913
7.59999,0.179363,1.47158,0.0765837,0.227577,0.717345,0.227593,0.71641,0.383869,0.18593
7.61999,0.179369,1.47585,0.0730052,0.213349,0.71137,0.213353,0.712022,0.498068,0.178925
7.63999,0.179375,1.47983,0.0695572,0.19927,0.70397,0.199274,0.703975,0.424878,0.172403
7.65999,0.179376,1.48354,0.0662349,0.185364,0.695303,0.185368,0.695278,0.435519,0.166113
7.67999,0.179383,1.48697,0.0630348,0.171657,0.685328,0.171679,0.684463,0.601471,0.160005
7.69999,0.179387,1.49013,0.0599563,0.158178,0.673944,0.158181,0.67493,0.668037,0.153927
7.71999,0.17939,1.49303,0.0569904,0.144957,0.661068,0.14496,0.661038,0.719242,0.148292
7.73999,0.179391,1.49568,0.054134,0.13202,0.646843,0.132023,0.64687,0.708429,0.142821
7.75999,0.179393,1.49806,0.0513847,0.119397,0.631171,0.119417,0.630282,0.83804,0.137468
7.77999,0.179397,1.5002,0.0487393,0.107116,0.614021,0.107143,0.613691,0.836149,0.13227
7.79999,0.179399,1.50211,0.0461941,0.0952106,0.595291,0.0952188,0.596233,0.880392,0.12726
7.81999,0.179399,1.50378,0.0437448,0.0837116,0.574951,0.0837159,0.575143,1.05755,0.122463
7.83999,0.179399,1.50524,0.0413881,0.0726483,0.553161,0.0726738,0.552113,1.15872,0.117834
7.85999,0.179402,1.50648,0.0391231,0.0620499,0.529922,0.0620712,0.530132,1.10621,0.113249
7.87999,0.179403,1.50752,0.0369465,0.0519536,0.504815,0.0519642,0.50535,1.24147,0.108832
7.89999,0.179404,1.50836,0.0348548,0.0423931,0.478026,0.042398,0.478312,1.35301,0.104588
7.91999,0.179404,1.50903,0.0328457,0.0333988,0.449716,0.0333996,0.449918,1.41977,0.100455
7.93999,0.179405,1.50953,0.0309182,0.0250051,0.419686,0.025005,0.419729,1.50949,0.0963729
7.95999,0.179405,1.50988,0.0290709,0.017246,0.387955,0.0172459,0.387954,1.58873,0.0923654
7.97999,0.179405,1.51008,0.0273021,0.0101571,0.354445,0.0101568,0.354456,1.67492,0.0884401
7.99999,0.179405,1.51015,0.0256102,0.00377392,0.319159,0.00377359,0.319162,1.76472,0.0845962
8.01999,0.179405,1.51012,0.0239946,0.00186762,0.282077,0.00186762,0.282061,1.85505,0.0807806
8.03999,0.179405,1.50998,0.0224553,0.00673083,0.243161,0.00673081,0.24316,1.94506,0.0769641
8.05999,0.179405,1.50977,0.0209917,0.0107782,0.202368,0.0107781,0.202366,2.03966,0.0731772
8.07999,0.179405,1.50949,0.0196032,0.0139729,0.159737,0.013973,0.159744,2.13111,0.0694285
8.1,0.179405,1.50916,0.0182898,0.0162758,0.115143,0.0162758,0.115138,2.23029,0.0656693
8.12,0.179405,1.50881,0.0170524,0.0176486,0.0686389,0.0176485,0.0686375,2.32504,0.0618708
8.14,0.179405,1.50845,0.0159198,0.0180499,0.0200657,0.0180498,0.0200646,2.42865,0.056628
8.16,0.179404,1.50811,0.0213478,0.0170293,0.051028,0.0170293,0.0510261,3.55454,0.2714
8.18,0.179404,1.50782,0.0473783,0.0141572,0.143604,0.0141572,0.143605,4.62893,1.30152
8.2,0.179404,1.50764,0.110933,0.00937171,0.239276,0.00937173,0.239274,4.78349,3.17773
8.22,0.179404,1.50758,0.229351,0.00276917,0.330127,0.00276916,0.330128,4.54272,5.92089
8.24,0.179403,1.50769,0.419124,0.00548857,0.412886,0.00548658,0.412786,4.13317,9.48866
8.26,0.179404,1.508,0.695273,0.015215,0.486323,0.015241,0.487723,3.74682,13.8075
8.28,0.17941,1.50852,1.07106,0.0262163,0.550079,0.0262479,0.550365,3.14877,18.7896
8.3,0.179423,1.50929,1.5579,0.0383046,0.604484,0.038343,0.604835,2.74789,24.342
8.32,0.17945,1.51031,2.16534,0.0512954,0.649747,0.0513197,0.64909,2.29055,30.3715
8.34,0.179493,1.51161,2.90107,0.0650097,0.686254,0.0650105,0.685185,1.98618,36.7869
8.36,0.179563,1.5132,3.77108,0.079279,0.714667,0.0792846,0.714908,1.7322,43.5004
8.38,0.179675,1.51507,4.77964,0.0939371,0.735326,0.0939569,0.735941,1.62148,50.4281
8.4,0.179838,1.51724,5.92946,0.108831,0.749144,0.108832,0.748417,1.84896,57.4907
8.42,0.180069,1.51971,7.22171,0.123819,0.75706,0.123822,0.757194,1.88781,64.6129
8.44,0.180388,1.52247,8.65619,0.138761,0.759646,0.138759,0.759311,2.22559,71.724
8.46,0.180808,1.52551,10.2314,0.15353,0.757957,0.153668,0.765388,2.67158,78.7577
8.48,0.181356,1.52882,11.9444,0.168001,0.752745,0.168024,0.746697,2.97752,85.6517
8.5,0.18205,1.5324,13.7914,0.182074,0.745797,0.182076,0.744721,3.19629,92.3484
8.52,0.182914,1.53621,15.7672,0.19564,0.737242,0.19564,0.737199,3.51794,98.7937
8.54001,0.183968,1.54025,17.866,0.208602,0.728319,0.208601,0.728203,3.77901,104.938
8.56001,0.185233,1.54448,20.0807,0.220874,0.719919,0.220874,0.719931,4.02647,110.735
8.58001,0.186729,1.54888,22.4036,0.232377,0.712725,0.232377,0.712725,4.22492,116.144
8.60001,0.188473,1.55342,24.8261,0.243039,0.707236,0.243039,0.707236,4.38554,121.127
8.62001,0.190477,1.55806,27.3391,0.252795,0.703734,0.252795,0.703734,4.51335,125.648
8.64001,0.192755,1.56277,29.9326,0.261586,0.702255,0.261586,0.702255,4.60961,129.679
8.66001,0.195311,1.56751,32.5965,0.269362,0.702641,0.269362,0.70264,4.67835,133.192
8.68001,0.198149,1.57225,35.3197,0.276078,0.704561,0.276078,0.70456,4.72263,136.164
8.70001,0.201267,1.57694,38.0913,0.281696,0.70756,0.281696,0.707561,4.74899,138.577
8.72001,0.204658,1.58155,40.8996,0.286184,0.711131,0.286184,0.711132,4.76169,140.416
8.74001,0.208309,1.58605,43.733,0.289515,0.714773,0.289515,0.714789,4.76617,141.668
8.76001,0.212204,1.59039,46.5795,0.291671,0.718049,0.291671,0.718032,4.7651,142.326
8.78001,0.216322,1.59455,49.4272,0.292639,0.720604,0.292639,0.720605,4.76546,142.385
8.80001,0.220636,1.5985,52.2641,0.292411,0.722223,0.29241,0.722214,4.76742,141.845
8.82001,0.225118,1.60221,55.0783,0.290987,0.722819,0.290987,0.722827,4.77046,140.71
8.84001,0.229735,1.60566,57.858,0.288374,0.722458,0.288374,0.722455,4.77942,138.987
8.86001,0.234452,1.60885,60.5917,0.284586,0.721337,0.284586,0.721339,4.78665,136.685
8.88001,0.239231,1.61175,63.2681,0.279642,0.719762,0.279642,0.719761,4.79293,133.82
8.90001,0.244035,1.61437,65.8763,0.27357,0.718117,0.27357,0.718117,4.79144,130.41
8.92001,0.248826,1.61671,68.4058,0.266406,0.716837,0.266406,0.716835,4.77908,126.476
8.94001,0.253565,1.61876,70.8467,0.258191,0.71633,0.258191,0.716331,4.75097,122.043
8.96001,0.258217,1.62053,73.1895,0.248977,0.716935,0.248978,0.716935,4.69946,117.141
8.98002,0.262746,1.62205,75.4256,0.238823,0.71888,0.238823,0.71888,4.6245,111.802
9.00002,0.26712,1.62332,77.5468,0.227795,0.722217,0.227795,0.722217,4.51696,106.061
9.02002,0.271311,1.62437,79.5459,0.215967,0.726812,0.215967,0.726813,4.37792,99.9577
9.04002,0.27529,1.62522,81.4166,0.203422,0.732319,0.203422,0.732333,4.20361,93.5354
9.06002,0.279037,1.62588,83.1534,0.190252,0.738203,0.190252,0.738189,3.99201,86.8399
9.08002,0.282532,1.62638,84.7519,0.176555,0.743784,0.176555,0.743784,3.74968,79.9205
9.10002,0.28576,1.62675,86.2084,0.162439,0.74823,0.162439,0.74823,3.47427,72.8302
9.12002,0.288709,1.62701,87.5209,0.148017,0.750668,0.148017,0.750667,3.17558,65.625
9.14002,0.291372,1.62718,88.6882,0.133413,0.750139,0.133407,0.750465,2.86062,58.3644
9.16002,0.293745,1.62728,89.7104,0.118756,0.745783,0.118769,0.743791,2.81816,51.1108
9.18002,0.295828,1.62732,90.5891,0.104184,0.736613,0.104194,0.737295,1.77244,43.9305
9.20002,0.297625,1.62733,91.3269,0.0898417,0.721777,0.0898433,0.722306,2.1815,36.8925
9.22002,0.299143,1.62731,91.9283,0.0758807,0.700614,0.0758806,0.700722,1.92832,30.0693
9.24002,0.300371,1.62726,92.399,0.0624594,0.672357,0.0625458,0.667787,2.19817,23.5367
9.26002,0.301382,1.62725,92.7465,0.0497514,0.635966,0.0494128,0.659698,0.881839,17.3739
9.28002,0.302137,1.62723,92.9798,0.0379332,0.591142,0.0379816,0.571579,5.64907,11.6631
9.30002,0.302673,1.6272,93.1096,0.0271432,0.539571,0.0271878,0.539688,1.61556,6.49023
9.32002,0.303036,1.62719,93.1485,0.0176115,0.476601,0.0170643,0.50619,1.68303,1.94421
9.34002,0.303229,1.62718,93.1108,0.00951953,0.404602,0.00943969,0.381258,6.24661,1.8827
9.36002,0.30329,1.62717,93.0129,0.00304916,0.323519,0.00306772,0.318791,3.12426,4.8949
9.38002,0.303259,1.62718,92.873,0.00156883,0.230899,0.00154685,0.229869,4.44609,6.99339
9.40002,0.303177,1.62718,92.7115,0.00411875,0.127497,0.00408784,0.127416,5.12269,8.0761
9.42003,0.303079,1.62718,92.5444,0.00488353,0.0382417,0.00484868,0.0380986,4.46609,8.35665
9.44003,0.302991,1.62719,92.3798,0.00442001,0.0231828,0.00439601,0.022635,3.03614,8.22725
9.46003,0.302931,1.62719,92.2219,0.00298747,0.071628,0.00295904,0.0719332,2.46554,7.89649
9.48003,0.302917,1.62719,92.0724,0.000715616,0.113593,0.000706795,0.113527,2.07973,7.4748
9.50003,0.302963,1.62719,91.932,0.00232526,0.152043,0.00237402,0.152379,1.9436,7.02018
9.52003,0.303085,1.62719,91.8008,0.00608827,0.188151,0.00612304,0.187669,1.76462,6.56247
9.54003,0.303296,1.62718,91.6784,0.0105392,0.222547,0.0105754,0.222661,1.75021,6.11688
9.56003,0.303608,1.62717,91.5646,0.0156471,0.255397,0.0156866,0.255569,1.64586,5.69052
9.58003,0.304036,1.62716,91.4589,0.0213853,0.286921,0.0214218,0.286765,1.56038,5.2864
9.60003,0.30459,1.62714,91.3608,0.0277273,0.317106,0.0277631,0.317061,1.51528,4.90536
9.62003,0.305282,1.62712,91.2698,0.0346477,0.346031,0.034666,0.345152,1.4069,4.5472
9.64003,0.306124,1.6271,91.1856,0.0421223,0.373743,0.0421288,0.373151,1.40223,4.21105
9.66003,0.307127,1.62708,91.1077,0.0501273,0.400265,0.0501269,0.399913,1.35954,3.89593
9.68003,0.308299,1.62706,91.0357,0.0586375,0.425528,0.0586373,0.425535,1.28536,3.60061
9.70003,0.309651,1.62703,90.9692,0.0676296,0.449623,0.0676295,0.449626,1.20514,3.32398
9.72003,0.311193,1.627,90.9079,0.0770806,0.472571,0.0770822,0.472657,1.15192,3.06486
9.74003,0.312932,1.62698,90.8514,0.0869681,0.494395,0.0869681,0.494317,1.08339,2.82225
9.76003,0.314878,1.62695,90.7995,0.0972699,0.515112,0.0972709,0.51516,1.04254,2.59512
9.78003,0.317038,1.62692,90.7519,0.107964,0.534708,0.107986,0.535822,1.04076,2.38247
9.80003,0.319417,1.62688,90.7082,0.119028,0.553222,0.119047,0.553053,0.864539,2.18338
9.82003,0.322025,1.62685,90.6683,0.130442,0.570755,0.130448,0.570075,0.856376,1.99712
9.84003,0.32487,1.62682,90.6318,0.142188,0.587298,0.142195,0.587332,0.8688,1.82293
9.86004,0.327954,1.62678,90.5986,0.154241,0.602674,0.154254,0.603001,0.792009,1.65999
9.88004,0.331285,1.62674,90.5685,0.166582,0.617061,0.166582,0.616419,0.694552,1.50759
9.90004,0.334868,1.62671,90.5412,0.179194,0.630631,0.179199,0.630836,0.72961,1.36523
9.92004,0.338709,1.62667,90.5165,0.192056,0.643105,0.192056,0.642879,0.602164,1.23222
9.94004,0.342812,1.62663,90.4944,0.205148,0.654631,0.205149,0.654664,0.589406,1.10798
9.96004,0.347182,1.6266,90.4745,0.218452,0.665234,0.218453,0.665246,0.529117,0.992031
9.98004,0.35182,1.62655,90.4568,0.23195,0.674909,0.231967,0.675743,0.582668,0.883877
10,0.356732,1.62651,90.4412,0.245624,0.683676,0.245634,0.683362,0.586381,0.782777
10.02,0.361921,1.62647,90.4274,0.259457,0.691665,0.259458,0.691189,0.417204,0.688934
10.04,0.36739,1.62643,90.4154,0.273431,0.698709,0.273433,0.698746,0.379578,0.601629
10.06,0.37314,1.62639,90.405,0.287529,0.704909,0.287529,0.704848,0.305104,0.520434
10.08,0.379176,1.62635,90.3961,0.301734,0.710266,0.301732,0.710128,0.264187,0.445076
10.1,0.385495,1.6263,90.3886,0.31603,0.71481,0.316047,0.715809,0.372217,0.37522
10.12,0.392103,1.62625,90.3824,0.330399,0.718472,0.3304,0.717664,0.460939,0.310265
10.14,0.398999,1.62621,90.3773,0.34483,0.721543,0.34483,0.721498,0.237513,0.250643
10.16,0.406185,1.62616,90.3734,0.359304,0.723709,0.359307,0.723841,0.12191,0.195743
10.18,0.413661,1.62611,90.3705,0.373807,0.72513,0.373807,0.724985,0.0583154,0.145274
10.2,0.421427,1.62606,90.3686,0.388323,0.725806,0.388323,0.725804,0.0426409,0.0989851
10.22,0.429484,1.62601,90.3674,0.402838,0.725752,0.402838,0.725754,0.0128256,0.0567534
10.24,0.437831,1.62595,90.367,0.417338,0.724989,0.417338,0.724988,0.0404368,0.0183765
10.26,0.446467,1.6259,90.3674,0.431808,0.723527,0.431808,0.723529,0.0740857,0.0162396
10.28,0.455391,1.62584,90.3683,0.446236,0.721377,0.446236,0.721379,0.108339,0.0474041
10.3001,0.464603,1.62578,90.3698,0.460607,0.718559,0.460607,0.718559,0.141558,0.0751476
10.3201,0.474101,1.62572,90.3718,0.474909,0.715085,0.474909,0.715083,0.174319,0.099651
10.3401,0.483883,1.62566,90.3742,0.489128,0.710963,0.489128,0.710963,0.20639,0.121044
10.3601,0.493948,1.62559,90.377,0.503252,0.706222,0.503252,0.706222,0.237399,0.139388
10.3801,0.504293,1.62552,90.3801,0.51727,0.700864,0.51727,0.700861,0.268341,0.154869
10.4001,0.514916,1.62545,90.3835,0.531168,0.694902,0.531168,0.694905,0.298008,0.167575
10.4201,0.525815,1.62538,90.387,0.544935,0.688347,0.544935,0.688347,0.328081,0.177563
10.4401,0.536986,1.62531,90.3907,0.558559,0.681226,0.558559,0.681226,0.356208,0.184963
10.4601,0.548426,1.62523,90.3945,0.57203,0.673547,0.57203,0.673544,0.384203,0.189884
10.4801,0.560133,1.62515,90.3984,0.585336,0.665314,0.585336,0.665317,0.411447,0.19236
10.5001,0.572102,1.62507,90.4022,0.598467,0.65656,0.598467,0.656559,0.437957,0.192544
10.5201,0.58433,1.62498,90.406,0.611413,0.647274,0.611413,0.647277,0.464176,0.190507
10.5401,0.596813,1.62489,90.4098,0.624162,0.637487,0.624162,0.637458,0.490994,0.186328
10.5601,0.609546,1.6248,90.4134,0.636707,0.627215,0.636707,0.627239,0.510962,0.180134
10.5801,0.622527,1.62471,90.4168,0.649036,0.616456,0.649036,0.616459,0.538981,0.171894
10.6001,0.635749,1.62461,90.42,0.66114,0.605233,0.66114,0.605247,0.560598,0.161805
10.6201,0.649209,1.62452,90.423,0.673011,0.593564,0.673011,0.59355,0.584896,0.149929
10.6401,0.662902,1.62442,90.4258,0.68464,0.581449,0.68464,0.581434,0.605779,0.136372
10.6601,0.676822,1.62431,90.4282,0.696018,0.568892,0.696018,0.568907,0.626362,0.121257
10.6801,0.690964,1.62421,90.4303,0.707137,0.555947,0.707137,0.555944,0.64814,0.104642
10.7001,0.705323,1.6241,90.432,0.717989,0.5426,0.717989,0.542603,0.667084,0.0866462
10.7201,0.719894,1.62399,90.4334,0.728566,0.528862,0.728566,0.528862,0.687086,0.067324
10.7401,0.734671,1.62388,90.4343,0.738861,0.514745,0.738861,0.514745,0.705887,0.0468224
10.7601,0.749648,1.62377,90.4348,0.748866,0.500262,0.748866,0.500262,0.724248,0.0252555
10.7801,0.764819,1.62365,90.4348,0.758575,0.485438,0.758575,0.485438,0.741269,0.00272178
10.8001,0.780178,1.62353,90.4344,0.767981,0.470281,0.767981,0.470281,0.757975,0.0206417
10.8201,0.795719,1.62342,90.4335,0.777077,0.454811,0.777077,0.454811,0.773655,0.0447407
10.8401,0.811436,1.6233,90.4322,0.785857,0.43901,0.785857,0.43901,0.790224,0.0694404
10.8601,0.827322,1.62318,90.4303,0.794316,0.422935,0.794316,0.422935,0.803956,0.094587
10.8801,0.84337,1.62306,90.4279,0.802447,0.406556,0.802447,0.406556,0.819187,0.120094
10.9001,0.859574,1.62293,90.4249,0.810245,0.389919,0.810245,0.389919,0.832165,0.145829
10.9201,0.875928,1.62281,90.4215,0.817705,0.373016,0.817705,0.373016,0.845437,0.171625
10.9401,0.892424,1.62269,90.4176,0.824823,0.355876,0.824823,0.355876,0.857377,0.197388
10.9601,0.909056,1.62257,90.4131,0.831592,0.338495,0.831593,0.338498,0.869303,0.223046
10.9801,0.925815,1.62245,90.4081,0.83801,0.320897,0.83801,0.320894,0.880639,0.248397
11.0001,0.942696,1.62233,90.4027,0.844072,0.303104,0.844072,0.303104,0.890023,0.273377
11.0201,0.959691,1.62221,90.3967,0.849773,0.285092,0.849773,0.285071,0.902257,0.297865
11.0401,0.976793,1.62209,90.3903,0.855111,0.266923,0.855111,0.266931,0.907536,0.321655
11.0601,0.993994,1.62197,90.3834,0.860082,0.248571,0.860082,0.248616,0.9166,0.344709
11.0801,1.01129,1.62185,90.376,0.864682,0.230069,0.864682,0.230036,0.929745,0.366921
11.1001,1.02867,1.62174,90.3683,0.868909,0.211427,0.868909,0.211427,0.93138,0.388193
11.1201,1.04612,1.62162,90.3601,0.87276,0.192651,0.87276,0.192651,0.93986,0.408436
11.1401,1.06364,1.62151,90.3516,0.876233,0.173748,0.876233,0.173745,0.946541,0.427578
11.1601,1.08123,1.6214,90.3426,0.879326,0.154753,0.879326,0.154756,0.950998,0.445463
11.1801,1.09887,1.62129,90.3334,0.882036,0.135675,0.882036,0.135675,0.95587,0.46205
11.2001,1.11656,1.62119,90.3239,0.884362,0.116522,0.884362,0.116522,0.960018,0.477258
11.2201,1.13428,1.62109,90.314,0.886303,0.0973167,0.886303,0.0973139,0.963566,0.49105
11.2401,1.15204,1.62099,90.304,0.887857,0.0780664,0.887857,0.0780692,0.966811,0.503378
11.2601,1.16982,1.62089,90.2937,0.889024,0.0588369,0.889024,0.0588372,0.969025,0.51422
11.2801,1.18762,1.6208,90.2832,0.889803,0.0397127,0.889803,0.0397127,0.970481,0.523566
11.3001,1.20542,1.62071,90.2726,0.890193,0.0210812,0.890193,0.0210815,0.971805,0.531335
11.3201,1.22322,1.62062,90.2619,0.890194,0.0081588,0.890194,0.00815768,0.971626,0.537489
11.3401,1.24102,1.62054,90.251,0.889806,0.0210668,0.889806,0.0210637,0.971909,0.542102
11.3601,1.2588,1.62046,90.2401,0.88903,0.0396826,0.88903,0.0396858,0.971295,0.545177
11.3801,1.27656,1.62038,90.2292,0.887867,0.0587801,0.887867,0.0587769,0.968896,0.546717
11.4001,1.29428,1.62031,90.2182,0.886316,0.0779831,0.886316,0.0779863,0.967846,0.546737
11.4201,1.31197,1.62024,90.2073,0.88438,0.0971965,0.88438,0.0971993,0.965302,0.545215
11.4401,1.32961,1.62017,90.1965,0.882059,0.116358,0.882059,0.116355,0.960978,0.542277
11.4601,1.3472,1.62011,90.1857,0.879355,0.135452,0.879355,0.135452,0.957252,0.53795
11.4801,1.36472,1.62005,90.1751,0.87627,0.154484,0.876269,0.154494,0.953974,0.532233
11.5001,1.38218,1.61999,90.1646,0.872805,0.173405,0.872805,0.173394,0.946688,0.525277
11.5201,1.39956,1.61994,90.1542,0.868964,0.192219,0.868964,0.192223,0.942652,0.517075
11.5401,1.41685,1.61989,90.1441,0.864749,0.210928,0.864749,0.210925,0.936271,0.507748
11.5601,1.43406,1.61985,90.1341,0.860162,0.229484,0.860162,0.229484,0.92897,0.497334
11.5801,1.45116,1.61981,90.1244,0.855206,0.247888,0.855206,0.247887,0.921087,0.485914
11.6001,1.46816,1.61977,90.1149,0.849886,0.266117,0.849886,0.266117,0.912309,0.473569
11.6201,1.48504,1.61973,90.1057,0.844204,0.284193,0.844204,0.284193,0.904569,0.460445
11.6401,1.50181,1.6197,90.0968,0.838164,0.302077,0.838164,0.302095,0.895791,0.446547
11.6601,1.51844,1.61967,90.0882,0.83177,0.319754,0.83177,0.319739,0.882845,0.432032
11.6801,1.53494,1.61964,90.0798,0.825027,0.337208,0.825027,0.337205,0.87391,0.416941
11.7001,1.5513,1.61962,90.0718,0.817939,0.354457,0.817939,0.354457,0.863197,0.401383
11.7201,1.56751,1.6196,90.0641,0.810511,0.371454,0.810511,0.371454,0.850391,0.385442
11.7401,1.58357,1.61958,90.0567,0.802748,0.388211,0.802748,0.388211,0.838325,0.36914
11.7601,1.59946,1.61956,90.0496,0.794654,0.4047,0.794654,0.4047,0.824926,0.352669
11.7801,1.61518,1.61954,90.0429,0.786236,0.420922,0.786236,0.420922,0.811531,0.336045
11.8001,1.63073,1.61953,90.0365,0.7775,0.436849,0.7775,0.436849,0.79677,0.319363
11.8201,1.6461,1.61952,90.0305,0.768451,0.452476,0.768451,0.452476,0.78173,0.302655
11.8401,1.66129,1.61951,90.0248,0.759096,0.467778,0.759096,0.467778,0.765487,0.286041
11.8601,1.67627,1.6195,90.0194,0.74944,0.482786,0.74944,0.482783,0.750586,0.269577
11.8801,1.69106,1.6195,90.0143,0.739492,0.497434,0.739492,0.497437,0.732999,0.253334
11.9001,1.70565,1.61949,90.0096,0.729257,0.511742,0.729257,0.511742,0.715562,0.237286
11.9201,1.72002,1.61949,90.0051,0.718744,0.525676,0.718744,0.525676,0.696934,0.221571
11.9401,1.73418,1.61949,90.001,0.707959,0.539264,0.707959,0.539264,0.679645,0.206223
11.9601,1.74812,1.61949,89.9972,0.69691,0.552432,0.69691,0.552432,0.658631,0.191228
11.9801,1.76183,1.61949,89.9937,0.685606,0.565227,0.685606,0.565227,0.639991,0.176687
12.0001,1.77531,1.61949,89.9904,0.674054,0.577603,0.674054,0.577603,0.618981,0.162614
12.0201,1.78856,1.61949,89.9874,0.662263,0.589559,0.662263,0.589559,0.597955,0.149033
12.0401,1.80156,1.61949,89.9847,0.650241,0.601086,0.650241,0.601086,0.576511,0.135969
12.0601,1.81432,1.61949,89.9822,0.637998,0.61216,0.637998,0.61216,0.553803,0.123434
12.0801,1.82684,1.6195,89.98,0.625543,0.622772,0.625543,0.622775,0.530894,0.111419
12.1001,1.83909,1.6195,89.978,0.612885,0.632898,0.612885,0.632895,0.506139,0.0999498
12.1201,1.85109,1.61951,89.9762,0.600034,0.642557,0.600034,0.642557,0.483179,0.0890379
12.1401,1.86283,1.61951,89.9746,0.586999,0.651742,0.586999,0.651742,0.459331,0.0786892
12.1601,1.87431,1.61952,89.9733,0.573791,0.660378,0.573791,0.660381,0.432056,0.0689063
12.1801,1.88552,1.61952,89.9721,0.560421,0.668508,0.560421,0.668505,0.406267,0.0596753
12.2001,1.89646,1.61953,89.971,0.546899,0.676102,0.546899,0.676102,0.379886,0.0509746
12.2201,1.90712,1.61953,89.9702,0.533236,0.683171,0.533236,0.683171,0.353506,0.0428243
12.2401,1.91751,1.61954,89.9695,0.519443,0.68965,0.519443,0.689653,0.324146,0.0351883
12.2601,1.92762,1.61954,89.9689,0.505531,0.695584,0.505531,0.695581,0.296428,0.0280576
12.2801,1.93745,1.61955,89.9685,0.491512,0.700951,0.491512,0.700952,0.268628,0.0214353
12.3001,1.947,1.61955,89.9682,0.477398,0.705681,0.477398,0.705681,0.236439,0.015285
12.3201,1.95626,1.61956,89.968,0.463201,0.709847,0.463201,0.709844,0.208196,0.00961261
12.3401,1.96524,1.61956,89.9679,0.448935,0.713346,0.448935,0.713347,0.175185,0.00435251
12.3601,1.97393,1.61957,89.9679,0.43461,0.716249,0.43461,0.716249,0.145086,0.000480338
12.3801,1.98234,1.61957,89.968,0.420239,0.718519,0.420239,0.71852,0.113571,0.00490931
12.4001,1.99045,1.61958,89.9682,0.405837,0.720111,0.405837,0.720111,0.0795899,0.00895287
12.4201,1.99828,1.61958,89.9684,0.391417,0.721013,0.391417,0.721011,0.0450289,0.0126348
12.4401,2.00582,1.61958,89.9688,0.376991,0.721284,0.376991,0.721285,0.0137426,0.0159662
12.4601,2.01307,1.61959,89.9691,0.362574,0.720865,0.362574,0.720865,0.0210316,0.0189825
12.4801,2.02004,1.61959,89.9696,0.348181,0.719664,0.348181,0.719663,0.0601304,0.0216927
12.5001,2.02671,1.6196,89.9701,0.333823,0.717859,0.333823,0.717873,0.0894816,0.0241314
12.5201,2.0331,1.6196,89.9706,0.319519,0.715215,0.319519,0.715194,0.133968,0.0262993
12.5401,2.03921,1.6196,89.9711,0.30528,0.711927,0.30528,0.711936,0.162872,0.0282047
12.5601,2.04503,1.61961,89.9717,0.291124,0.707812,0.291124,0.707813,0.206158,0.0298966
12.5801,2.05058,1.61961,89.9724,0.277065,0.702982,0.277063,0.703068,0.237402,0.0313904
12.6001,2.05584,1.61961,89.973,0.263118,0.697345,0.263211,0.692598,0.531768,0.0326705
12.6201,2.06082,1.61961,89.9737,0.249295,0.691118,0.24931,0.695026,0.178379,0.0336276
12.6401,2.06553,1.61962,89.9744,0.235623,0.683636,0.235625,0.684258,0.538849,0.0346044
12.6601,2.06998,1.61962,89.9751,0.222111,0.6756,0.222111,0.675732,0.426654,0.0354048
12.6801,2.07415,1.61962,89.9758,0.208775,0.666774,0.208775,0.666773,0.447998,0.0360622
12.7001,2.07806,1.61962,89.9766,0.195633,0.657091,0.195633,0.65709,0.484157,0.0365583
12.7201,2.08172,1.61962,89.9773,0.182702,0.646595,0.182702,0.646598,0.524635,0.0369411
12.7401,2.08512,1.61962,89.978,0.169998,0.635162,0.17,0.635069,0.576425,0.037203
12.7601,2.08827,1.61962,89.9788,0.157541,0.622877,0.157595,0.620237,0.744148,0.0373593
12.7801,2.09118,1.61963,89.9795,0.145345,0.609781,0.145354,0.612087,0.42257,0.0373449
12.8001,2.09384,1.61963,89.9803,0.133434,0.59556,0.133437,0.595854,0.812245,0.0373685
12.8201,2.09628,1.61963,89.981,0.121823,0.580542,0.121823,0.580701,0.757656,0.0372905
12.8401,2.09849,1.61963,89.9817,0.110529,0.564687,0.110531,0.564562,0.807144,0.0371365
12.8601,2.10048,1.61963,89.9825,0.0995722,0.547858,0.0995098,0.551123,0.762611,0.0368904
12.8801,2.10226,1.61963,89.9832,0.088973,0.529961,0.0889614,0.527438,1.31953,0.0364819
12.9001,2.10384,1.61963,89.9839,0.0787454,0.511376,0.0787438,0.510884,0.846023,0.0361398
12.9201,2.10522,1.61963,89.9847,0.0689126,0.491643,0.06891,0.491688,0.962033,0.0357169
12.9401,2.10641,1.61963,89.9854,0.0594937,0.470943,0.0594929,0.470858,1.04152,0.035225
12.9601,2.10742,1.61963,89.9861,0.0505095,0.449213,0.0505094,0.449173,1.08424,0.0346791
12.9801,2.10826,1.61963,89.9867,0.041981,0.426423,0.0419813,0.426407,1.1383,0.0340664
13.0001,2.10893,1.61963,89.9874,0.0339272,0.402688,0.0339273,0.4027,1.18537,0.033414
13.0201,2.10946,1.61963,89.9881,0.0263685,0.377938,0.0263684,0.377941,1.23793,0.0326858
13.0401,2.10985,1.61963,89.9887,0.0193261,0.35212,0.0193261,0.352118,1.29118,0.0319229
13.0601,2.1101,1.61963,89.9893,0.0128211,0.325249,0.0128211,0.325247,1.34351,0.031096
13.0801,2.11024,1.61963,89.9899,0.00687649,0.297231,0.00687653,0.297231,1.40084,0.0302262
13.1001,2.11027,1.61963,89.9905,0.00151181,0.268234,0.00151217,0.268218,1.45063,0.0293206
13.1201,2.11021,1.61963,89.9911,0.00324993,0.238087,0.00325025,0.238121,1.50485,0.0283574
13.1401,2.11006,1.61963,89.9917,0.00738724,0.206865,0.00738721,0.206848,1.56366,0.0273488
13.1601,2.10984,1.61963,89.9922,0.0108782,0.174549,0.0108782,0.174551,1.61485,0.0262866
13.1801,2.10957,1.61963,89.9927,0.0136979,0.140984,0.0136979,0.140984,1.67833,0.025177
13.2001,2.10925,1.61963,89.9931,0.015825,0.106355,0.015825,0.106353,1.73158,0.0240456
13.2201,2.10891,1.61963,89.9936,0.0172373,0.0706167,0.0172373,0.0706183,1.78673,0.0228529
13.2401,2.10855,1.61963,89.994,0.0179097,0.0336195,0.0179097,0.0336179,1.85002,0.0216041
13.2601,2.10819,1.61963,89.9936,0.017946,0.00181246,0.0179459,0.00181171,1.59031,0.0201827
13.2801,2.10782,1.61963,89.9829,0.0186408,0.0347415,0.0186408,0.0347422,1.64652,0.534497
13.3001,2.1074,1.61963,89.9467,0.0207098,0.103449,0.0207098,0.103451,3.43545,1.81225
13.3201,2.10692,1.61963,89.8677,0.0242569,0.177358,0.0242569,0.177357,3.69534,3.95122
13.3401,2.10634,1.61963,89.7287,0.0291339,0.243853,0.0291339,0.243855,3.32509,6.94836
13.3601,2.10564,1.61963,89.5137,0.0350971,0.298179,0.0351047,0.298559,2.7367,10.7493
13.3801,2.1048,1.61962,89.2082,0.0418775,0.339074,0.0417135,0.330559,1.62986,15.2747
13.4001,2.10382,1.61961,88.7995,0.0492136,0.366947,0.049016,0.365282,1.73975,20.4345
13.4201,2.10268,1.6196,88.2768,0.0568479,0.382073,0.056655,0.382287,0.916375,26.1352
13.4401,2.10139,1.61956,87.6312,0.0645514,0.38594,0.0642515,0.379842,0.553987,32.2838
13.4601,2.09995,1.61951,86.8554,0.0721185,0.379898,0.0720608,0.393979,2.65009,38.7903
13.4801,2.09836,1.61943,85.944,0.0793579,0.364891,0.0792185,0.360937,1.66369,45.5682
13.5001,2.09664,1.61932,84.8933,0.0861221,0.343444,0.0859694,0.341331,1.12352,52.5362
13.5201,2.0948,1.61918,83.7009,0.0922629,0.316008,0.0922341,0.323932,2.23697,59.6174
13.5401,2.09286,1.61899,82.3661,0.0976573,0.284648,0.0975494,0.280672,2.54103,66.74
13.5601,2.09083,1.61874,80.8894,0.102214,0.252072,0.102187,0.256078,2.14317,73.8372
13.5801,2.08873,1.61844,79.2724,0.105845,0.220366,0.105828,0.221466,2.85389,80.8475
13.6001,2.0866,1.61807,77.5181,0.108495,0.193926,0.108487,0.193742,2.78587,87.7142
13.6201,2.08443,1.61763,75.6304,0.110123,0.177198,0.110061,0.172749,3.01773,94.3854
13.6401,2.08228,1.61713,73.6142,0.110712,0.174297,0.110703,0.176419,2.78278,100.814
13.6601,2.08015,1.61655,71.4751,0.110246,0.185737,0.110238,0.186051,3.11075,106.955
13.6801,2.07807,1.61591,69.2196,0.108743,0.208417,0.108743,0.208375,2.93077,112.771
13.7001,2.07606,1.61521,66.8551,0.106232,0.237669,0.106232,0.237675,2.90489,118.225
13.7201,2.07415,1.61446,64.3895,0.102757,0.269663,0.102756,0.269712,2.80611,123.285
13.7401,2.07235,1.61366,61.8311,0.0983723,0.301785,0.0983724,0.30172,2.7063,127.919
13.7601,2.07069,1.61283,59.1891,0.0931468,0.33228,0.0931472,0.332274,2.60891,132.101
13.7801,2.06916,1.61199,56.4729,0.0871567,0.360065,0.0871567,0.360087,2.51392,135.805
13.8001,2.06779,1.61115,53.6928,0.0804871,0.384389,0.0804871,0.384388,2.42392,139.007
13.8201,2.06658,1.61032,50.8591,0.0732274,0.4049,0.0732274,0.404901,2.35636,141.684
13.8401,2.06553,1.60954,47.9828,0.0654705,0.421399,0.0654705,0.421398,2.3066,143.816
13.8601,2.06465,1.6088,45.0751,0.057309,0.433941,0.057309,0.433942,2.27822,145.384
13.8801,2.06393,1.60814,42.1477,0.0488343,0.44269,0.0488343,0.442688,2.26643,146.371
13.9001,2.06336,1.60757,39.2125,0.0401331,0.447967,0.040133,0.447969,2.26707,146.76
13.9201,2.06294,1.60711,36.2817,0.031286,0.450193,0.031286,0.450193,2.27327,146.54
13.9401,2.06266,1.60676,33.3677,0.0223661,0.449857,0.0223661,0.449857,2.27752,145.699
13.9601,2.0625,1.60655,30.4831,0.0134381,0.447482,0.0134381,0.447482,2.27363,144.231
13.9801,2.06244,1.60648,27.6405,0.0045667,0.443652,0.00456669,0.443652,2.25695,142.132
14.0001,2.06247,1.60656,24.8524,0.00429424,0.438882,0.00429425,0.438883,2.22288,139.403
14.0201,2.06258,1.60679,22.1314,0.0129652,0.433681,0.0129652,0.433678,2.16899,136.051
14.0401,2.06275,1.60719,19.4897,0.0215174,0.428481,0.0215173,0.428481,2.09368,132.086
14.0601,2.06295,1.60775,16.9392,0.029927,0.423569,0.0299268,0.423562,1.99856,127.526
14.0801,2.06319,1.60848,14.4913,0.0381907,0.41916,0.0381907,0.41917,1.88157,122.393
14.1001,2.06344,1.60937,12.1569,0.046313,0.415342,0.0463131,0.415343,1.75005,116.719
14.1201,2.06369,1.61043,9.94611,0.054303,0.412059,0.054303,0.412057,1.60174,110.54
14.1401,2.06393,1.61165,7.86813,0.0621717,0.409158,0.0621717,0.409159,1.44221,103.899
14.1601,2.06415,1.61303,5.93122,0.06993,0.406397,0.06993,0.406395,1.27494,96.8459
14.1801,2.06434,1.61457,4.14247,0.0775863,0.403447,0.0775863,0.403446,1.1045,89.4375
14.2001,2.0645,1.61626,2.50775,0.0851425,0.39987,0.0851425,0.39987,0.937361,81.7361
14.2201,2.06461,1.61811,1.03154,0.0925936,0.395229,0.0925936,0.395226,0.781982,73.8102
14.2401,2.06468,1.62011,-0.283116,0.0999243,0.389015,0.0999243,0.38902,0.65878,65.733
14.2601,2.0647,1.62225,-1.43477,0.107108,0.380682,0.107108,0.380681,0.591179,57.5827
14.2801,2.06467,1.62454,-2.42361,0.114105,0.369699,0.114104,0.369572,0.612098,49.4419
14.3001,2.0646,1.62695,-3.25154,0.120862,0.355478,0.120984,0.361148,0.421621,41.3966
14.3201,2.06448,1.62949,-3.92227,0.127305,0.337177,0.12732,0.332265,1.4649,33.5364
14.3401,2.06432,1.63216,-4.44134,0.133363,0.315049,0.133371,0.314815,0.891916,25.9536
14.3601,2.06412,1.63493,-4.8162,0.13893,0.287631,0.138935,0.28747,1.38253,18.743
14.3801,2.06389,1.6378,-5.05623,0.143893,0.254659,0.143953,0.257062,1.55881,12.0015
14.4001,2.06364,1.64075,-5.17279,0.148124,0.21559,0.148135,0.213376,2.18907,5.8282
14.4201,2.06338,1.64377,-5.17927,0.151493,0.170398,0.151493,0.169933,2.2094,0.323923
14.4401,2.0631,1.64684,-5.0911,0.153844,0.118016,0.153842,0.117947,2.63293,4.40869
14.4601,2.06282,1.64992,-4.92579,0.155016,0.0586605,0.155129,0.064488,2.76073,8.26522
14.4801,2.06256,1.653,-4.70301,0.154835,0.0171252,0.154859,0.0193118,3.92235,11.1393
14.5001,2.0623,1.65606,-4.44455,0.153137,0.0881147,0.153141,0.0889529,3.65031,12.9227
14.5201,2.06206,1.65905,-4.17367,0.149841,0.167444,0.149842,0.167613,3.96936,13.5441
14.5401,2.06184,1.66196,-3.90458,0.146248,0.182568,0.14636,0.177152,0.477712,13.4544
14.5601,2.06163,1.66482,-3.64354,0.143268,0.152646,0.143291,0.156937,1.02412,13.052
14.5801,2.06144,1.66764,-3.39267,0.141233,0.106828,0.141239,0.107632,2.53856,12.5436
14.6001,2.06127,1.67044,-3.15199,0.140228,0.0593387,0.140227,0.0594899,2.59154,12.0338
14.6201,2.06111,1.67324,-2.92054,0.140253,0.0304298,0.140357,0.0322549,2.84924,11.5728
14.6401,2.06096,1.67606,-2.69689,0.141278,0.0590584,0.141315,0.0560047,2.06743,11.1825
14.6601,2.06081,1.67892,-2.47949,0.143274,0.103828,0.143335,0.105144,2.64832,10.8699
14.6802,2.06068,1.68184,-2.26681,0.146192,0.148642,0.146206,0.146165,2.12181,10.6342
14.7002,2.06055,1.68484,-2.05738,0.149999,0.192432,0.15,0.191672,2.30365,10.4712
14.7202,2.06044,1.68793,-1.84989,0.154652,0.234351,0.154665,0.234964,2.17364,10.3747
14.7402,2.06032,1.69113,-1.64312,0.16011,0.27443,0.160036,0.271033,1.81711,10.3382
14.7602,2.06022,1.69445,-1.43603,0.166336,0.312688,0.166318,0.314923,2.34907,10.3548
14.7802,2.06013,1.69792,-1.22766,0.173283,0.348748,0.173277,0.349216,1.73389,10.4182
14.8002,2.06004,1.70154,-1.01722,0.180917,0.383061,0.180901,0.382625,1.67117,10.5221
14.8202,2.05996,1.70532,-0.804012,0.189196,0.415334,0.189363,0.424324,2.08668,10.6605
14.8402,2.0599,1.70928,-0.587452,0.198079,0.44557,0.198115,0.439157,0.774514,10.828
14.8602,2.05985,1.71343,-0.36706,0.207535,0.47433,0.207564,0.474213,1.7586,11.0196
14.8802,2.05981,1.71778,-0.142455,0.217516,0.500718,0.217513,0.498876,1.24245,11.2303
14.9002,2.05979,1.72234,0.0866646,0.227984,0.525174,0.227982,0.525217,1.33846,11.456
14.9202,2.05979,1.72712,0.320511,0.238899,0.547671,0.238898,0.547712,1.13516,11.6923
14.9402,2.0598,1.73212,0.559221,0.250221,0.568232,0.25028,0.571333,1.20588,11.9355
14.9602,2.05984,1.73736,0.802856,0.261909,0.586772,0.261916,0.584095,0.65401,12.1818
14.9802,2.0599,1.74284,1.05142,0.273931,0.603737,0.273934,0.603532,1.00086,12.428
15.0002,2.05999,1.74857,1.30483,0.286246,0.618641,0.286253,0.618798,0.793396,12.6709
15.0202,2.06011,1.75454,1.56298,0.298815,0.631678,0.298868,0.633713,0.760579,12.9074
15.0402,2.06026,1.76077,1.82568,0.311596,0.642649,0.311607,0.640807,0.676078,13.1349
15.0602,2.06045,1.76726,2.09269,0.324564,0.652406,0.324573,0.652359,0.610296,13.3504
15.0802,2.06068,1.77401,2.36372,0.337677,0.660053,0.337677,0.659631,0.464603,13.5516
15.1002,2.06095,1.78102,2.63845,0.350897,0.665928,0.350897,0.665936,0.460266,13.7362
15.1202,2.06126,1.7883,2.91649,0.364192,0.670101,0.364192,0.670116,0.399966,13.902
15.1402,2.06162,1.79584,3.19742,0.377525,0.672606,0.377525,0.672582,0.381399,14.0469
15.1602,2.06203,1.80364,3.4808,0.390864,0.673476,0.390864,0.673445,0.377041,14.1689
15.1802,2.0625,1.81171,3.76613,0.404177,0.672739,0.404177,0.672768,0.381772,14.2663
15.2002,2.06302,1.82005,4.05288,0.41743,0.670423,0.41743,0.670421,0.405447,14.3373
15.2202,2.0636,1.82864,4.34049,0.430594,0.666579,0.430593,0.666563,0.43887,14.3806
15.2402,2.06425,1.83749,4.62838,0.443637,0.661237,0.443637,0.661253,0.478134,14.3945
15.2602,2.06495,1.84659,4.91593,0.456529,0.654428,0.456529,0.654427,0.526071,14.3779
15.2802,2.06573,1.85594,5.20253,0.469244,0.646212,0.469244,0.646215,0.573272,14.3297
15.3002,2.06657,1.86554,5.48751,0.481752,0.636628,0.481752,0.636625,0.623657,14.249
15.3202,2.06749,1.87538,5.77021,0.494028,0.625703,0.494028,0.625705,0.674087,14.1349
15.3402,2.06847,1.88545,6.04994,0.506046,0.613512,0.506046,0.613515,0.723518,13.9868
15.3602,2.06953,1.89575,6.32603,0.517782,0.600083,0.517782,0.600079,0.773214,13.8043
15.3802,2.07066,1.90628,6.59777,0.529213,0.585473,0.529213,0.585476,0.820529,13.587
15.4002,2.07187,1.91702,6.86447,0.540318,0.569741,0.540318,0.569738,0.866966,13.335
15.4202,2.07316,1.92796,7.12544,0.551074,0.552915,0.551074,0.552915,0.911971,13.0483
15.4402,2.07452,1.93911,7.37998,0.561464,0.535069,0.561464,0.535068,0.954602,12.7272
15.4602,2.07595,1.95045,7.62742,0.571469,0.516258,0.571469,0.516258,0.995092,12.3721
15.4802,2.07746,1.96197,7.8671,0.581072,0.496535,0.581072,0.496536,1.03362,11.9837
15.5002,2.07904,1.97367,8.09835,0.590258,0.475937,0.590258,0.475937,1.07101,11.563
15.5202,2.0807,1.98554,8.32057,0.599012,0.454547,0.599012,0.454548,1.1048,11.1109
15.5402,2.08243,1.99756,8.53315,0.607322,0.432421,0.607322,0.432419,1.1366,10.6287
15.5602,2.08422,2.00973,8.7355,0.615176,0.409597,0.615176,0.409598,1.16653,10.1178
15.5802,2.08608,2.02204,8.9271,0.622563,0.386146,0.622563,0.386128,1.19506,9.57991
15.6002,2.08801,2.03448,9.10743,0.629474,0.362133,0.629474,0.362147,1.21717,9.01668
15.6202,2.09,2.04705,9.27604,0.635901,0.337584,0.635901,0.337587,1.24315,8.43004
15.6402,2.09204,2.05972,9.43248,0.641838,0.312603,0.641838,0.312602,1.26182,7.82207
15.6602,2.09414,2.07249,9.57638,0.647278,0.287223,0.647278,0.287223,1.27954,7.19493
15.6802,2.09628,2.08536,9.7074,0.652216,0.261467,0.652216,0.261468,1.29678,6.55098
15.7002,2.09848,2.09831,9.82525,0.656648,0.235441,0.656648,0.235441,1.30911,5.89255
15.7202,2.10071,2.11133,9.92969,0.660572,0.209197,0.660572,0.209195,1.31921,5.22221
15.7402,2.10299,2.12441,10.0205,0.663985,0.18273,0.663985,0.182731,1.32982,4.5425
15.7602,2.10529,2.13755,10.0977,0.666886,0.156162,0.666886,0.156161,1.33509,3.85605
15.7802,2.10763,2.15073,10.161,0.669274,0.129503,0.669274,0.129503,1.34024,3.16545
15.8002,2.10998,2.16394,10.2104,0.671149,0.102852,0.671149,0.102852,1.3422,2.47334
15.8202,2.11236,2.17718,10.2461,0.672511,0.0762832,0.672511,0.0762589,1.3438,1.78237
15.8402,2.11475,2.19044,10.268,0.673362,0.0500077,0.673362,0.0500334,1.33887,1.09514
15.8602,2.11714,2.2037,10.2763,0.673702,0.0249366,0.673702,0.0249356,1.34021,0.41427
15.8802,2.11954,2.21695,10.2711,0.673534,0.0132079,0.673534,0.0132092,1.33184,0.25774
15.9002,2.12194,2.23019,10.2528,0.67286,0.0337814,0.67286,0.0337782,1.32685,0.918491
15.9202,2.12434,2.24341,10.2214,0.671683,0.0591394,0.671683,0.059139,1.31805,1.56558
15.9402,2.12672,2.2566,10.1775,0.670004,0.0849497,0.670004,0.0849495,1.30892,2.19682
15.9602,2.12908,2.26974,10.1213,0.667829,0.110712,0.667829,0.110713,1.29687,2.81009
15.9802,2.13143,2.28284,10.0532,0.665159,0.136348,0.665159,0.136348,1.28611,3.40339
16.0002,2.13375,2.29587,9.97373,0.661999,0.161784,0.661999,0.161784,1.27385,3.97497
16.0202,2.13604,2.30884,9.88327,0.658352,0.186945,0.658352,0.186945,1.25885,4.52307
16.0402,2.1383,2.32173,9.78234,0.654223,0.211824,0.654223,0.211824,1.24415,5.04622
16.0602,2.14052,2.33453,9.67148,0.649616,0.236429,0.649616,0.236426,1.23008,5.5431
16.0802,2.1427,2.34723,9.55123,0.644536,0.26069,0.644536,0.260694,1.21368,6.01255
16.1002,2.14484,2.35983,9.42216,0.638988,0.284612,0.638988,0.284611,1.19674,6.45363
16.1202,2.14693,2.37232,9.28485,0.632977,0.308181,0.632977,0.308181,1.1804,6.86555
16.1402,2.14897,2.38468,9.13989,0.626509,0.331363,0.626508,0.331377,1.16314,7.24767
16.1602,2.15096,2.39691,8.9879,0.61959,0.354153,0.61959,0.354138,1.14326,7.59966
16.1802,2.15289,2.409,8.82948,0.612226,0.376539,0.612226,0.376536,1.12719,7.92121
16.2002,2.15477,2.42095,8.66523,0.604425,0.398486,0.604425,0.39849,1.10758,8.2123
16.2202,2.15659,2.43273,8.49577,0.596194,0.419987,0.596194,0.419986,1.0876,8.47308
16.2402,2.15835,2.44435,8.32169,0.58754,0.441025,0.587541,0.441023,1.06782,8.70382
16.2602,2.16005,2.45579,8.1436,0.578474,0.461565,0.578474,0.461567,1.04674,8.90496
16.2802,2.16168,2.46706,7.96205,0.569002,0.481586,0.569002,0.481586,1.02418,9.07714
16.3002,2.16325,2.47813,7.77763,0.559136,0.501096,0.559136,0.501105,1.00342,9.22106
16.3202,2.16476,2.489,7.59088,0.548885,0.520037,0.548885,0.520028,0.97703,9.33758
16.3402,2.16621,2.49967,7.40233,0.538261,0.538404,0.538261,0.538404,0.954687,9.42768
16.3602,2.16759,2.51012,7.21248,0.527274,0.556142,0.527274,0.556142,0.926856,9.49252
16.3802,2.16891,2.52036,7.02181,0.515938,0.573266,0.515938,0.573266,0.900599,9.53317
16.4002,2.17017,2.53036,6.8308,0.504266,0.589698,0.504266,0.589697,0.870377,9.55091
16.4202,2.17136,2.54014,6.63986,0.49227,0.605467,0.49227,0.605467,0.841692,9.54707
16.4402,2.17249,2.54967,6.4494,0.479966,0.620477,0.479966,0.620477,0.8082,9.52297
16.4602,2.17356,2.55895,6.25979,0.467369,0.634756,0.467369,0.634756,0.776115,9.48006
16.4802,2.17457,2.56799,6.0714,0.454494,0.648238,0.454494,0.648238,0.740684,9.41972
16.5002,2.17553,2.57676,5.88453,0.441359,0.660879,0.441359,0.660877,0.703184,9.34337
16.5202,2.17643,2.58528,5.69948,0.427981,0.6727,0.427981,0.672701,0.666901,9.25244
16.5402,2.17727,2.59352,5.51652,0.414377,0.683599,0.414377,0.683597,0.625626,9.14829
16.5602,2.17806,2.60149,5.33587,0.400567,0.693569,0.400567,0.693569,0.584633,9.03239
16.5802,2.17879,2.60919,5.15775,0.386571,0.702601,0.386571,0.702586,0.542522,8.90599
16.6002,2.17948,2.61661,4.98234,0.372409,0.710608,0.372409,0.710623,0.500222,8.77045
16.6202,2.18012,2.62374,4.8098,0.358101,0.717611,0.358101,0.717611,0.456317,8.62698
16.6402,2.18071,2.63059,4.64027,0.34367,0.72352,0.34367,0.72352,0.410113,8.47677
16.6602,2.18125,2.63715,4.47385,0.329138,0.728317,0.329138,0.728321,0.369322,8.32101
16.6802,2.18176,2.64342,4.31063,0.314528,0.732004,0.314528,0.732,0.328516,8.16065
16.7002,2.18222,2.6494,4.1507,0.299865,0.73451,0.299865,0.734517,0.291839,7.99671
16.7202,2.18265,2.65508,3.9941,0.285172,0.735816,0.285172,0.735816,0.26474,7.83008
16.7402,2.18303,2.66048,3.84087,0.270475,0.735841,0.27047,0.736045,0.277823,7.66155
16.7602,2.18339,2.66558,3.69103,0.2558,0.734617,0.255799,0.734455,0.180214,7.49187
16.7802,2.1837,2.6704,3.5446,0.241173,0.732069,0.241174,0.731996,0.322226,7.32161
16.8002,2.18399,2.67492,3.40157,0.226623,0.728155,0.226575,0.730768,0.0792098,7.15149
16.8202,2.18425,2.67916,3.26193,0.212176,0.72285,0.212146,0.721866,0.824855,6.98163
16.8402,2.18449,2.68311,3.12567,0.197859,0.716295,0.197977,0.708915,0.654236,6.81301
16.8602,2.18469,2.68678,2.99276,0.183702,0.70823,0.183708,0.713773,0.393734,6.64557
16.8802,2.18488,2.69017,2.86317,0.169741,0.698371,0.169851,0.693177,1.03631,6.47958
16.9002,2.18504,2.69328,2.73687,0.156,0.687331,0.156023,0.691658,0.159649,6.31523
16.9202,2.18518,2.69613,2.61382,0.142513,0.674518,0.142513,0.67568,0.82053,6.15253
16.9402,2.1853,2.69871,2.49398,0.129311,0.660256,0.129313,0.660199,0.789265,5.99162
16.9602,2.18541,2.70104,2.37734,0.116426,0.644384,0.116423,0.644611,0.801818,5.83242
16.9802,2.1855,2.70311,2.26384,0.103891,0.62688,0.103893,0.626599,0.900605,5.67477
17.0002,2.18557,2.70495,2.15347,0.0917392,0.607659,0.0917389,0.607788,0.968731,5.5186
17.0202,2.18563,2.70655,2.0462,0.0800061,0.586712,0.0800019,0.586904,1.05064,5.36364
17.0402,2.18569,2.70792,1.942,0.0687266,0.564019,0.0687252,0.563937,1.1523,5.20974
17.0602,2.18573,2.70908,1.84087,0.0579354,0.539591,0.0579338,0.539578,1.28319,5.05649
17.0802,2.18576,2.71003,1.7428,0.0476706,0.513263,0.0476741,0.513001,1.32885,4.90367
17.1002,2.18579,2.71079,1.64778,0.0379684,0.485121,0.0379518,0.486119,1.36491,4.75095
17.1202,2.18581,2.71136,1.55582,0.0288658,0.45514,0.0288417,0.455508,1.53312,4.59786
17.1402,2.18581,2.71177,1.46694,0.0204009,0.423251,0.0204017,0.422,1.67668,4.44399
17.1602,2.18582,2.71203,1.38116,0.0126124,0.389423,0.0126149,0.389351,1.63574,4.28896
17.1802,2.18583,2.71213,1.29852,0.00553962,0.35364,0.00553611,0.35394,1.77993,4.13232
17.2002,2.18583,2.71212,1.21904,0.000776942,0.315823,0.000825652,0.317862,1.8215,3.97361
17.2202,2.18583,2.71199,1.14279,0.0062953,0.27592,0.00634479,0.276157,2.08842,3.81243
17.2402,2.18582,2.71177,1.06983,0.0109752,0.233997,0.0110268,0.23411,2.10281,3.64831
17.2602,2.18582,2.71148,1.00021,0.0147757,0.190027,0.0148284,0.190077,2.2018,3.48075
17.2802,2.18581,2.71113,0.934026,0.0176531,0.143868,0.0177051,0.143837,2.31216,3.30935
17.3002,2.1858,2.71073,0.871352,0.0195642,0.0955623,0.0196089,0.0951889,2.43245,3.13369
17.3202,2.1858,2.71033,0.812286,0.0204651,0.0450603,0.0205171,0.0454307,2.48955,2.9533
17.3402,2.18579,2.70991,0.754484,0.0207104,0.0123071,0.0207641,0.0123968,1.65331,2.89012
17.3602,2.18578,2.70948,0.685951,0.021779,0.0534438,0.021829,0.0532519,2.04517,3.42666
17.3802,2.18578,2.70899,0.589956,0.0242376,0.122935,0.0242875,0.122928,3.48381,4.79973
17.4002,2.18577,2.70843,0.448446,0.0281369,0.194975,0.0281862,0.194938,3.60054,7.07552
17.4202,2.18577,2.70776,0.243805,0.0333217,0.259263,0.0333708,0.259246,3.21578,10.232
17.4402,2.18576,2.70697,-0.0402526,0.0395613,0.312032,0.0396131,0.312161,2.64892,14.2029
17.4602,2.18576,2.70604,-0.418263,0.0466075,0.352435,0.0465992,0.3494,1.86899,18.9005
17.4802,2.18576,2.70495,-0.902842,0.0542177,0.380787,0.0542226,0.381329,1.60645,24.229
17.5002,2.18577,2.70371,-1.50465,0.0621645,0.397934,0.0621669,0.397758,0.997504,30.0903
17.5202,2.1858,2.70231,-2.23241,0.0702376,0.404845,0.0702417,0.404915,0.735835,36.3881
17.5402,2.18585,2.70074,-3.093,0.0782462,0.402667,0.078266,0.40338,0.76951,43.0293
17.5602,2.18593,2.69903,-4.09151,0.0860198,0.392676,0.0860138,0.391573,1.24566,49.9255
17.5802,2.18605,2.69716,-5.23136,0.0934105,0.376381,0.0933762,0.373567,1.16602,56.9929
17.6002,2.18621,2.69516,-6.51443,0.100284,0.35489,0.100283,0.358688,2.31061,64.1533
17.6202,2.18643,2.69304,-7.9411,0.106521,0.329739,0.106523,0.330369,2.00119,71.3334
17.6402,2.1867,2.69082,-9.51041,0.112028,0.303096,0.11203,0.30236,2.26566,78.4655
17.6602,2.18705,2.68851,-11.2201,0.116728,0.276979,0.116728,0.276961,2.59478,85.487
17.6802,2.18748,2.68614,-13.067,0.120557,0.253768,0.120557,0.253674,2.70251,92.3405
17.7002,2.18799,2.68372,-15.0464,0.123473,0.236166,0.123473,0.236119,2.81298,98.9733
17.7202,2.18859,2.68128,-17.1532,0.125445,0.22658,0.125445,0.226571,2.88682,105.337
17.7402,2.18928,2.67885,-19.381,0.126463,0.226351,0.126463,0.226376,2.90682,111.389
17.7602,2.19006,2.67644,-21.7227,0.126528,0.235083,0.126528,0.23508,2.89576,117.088
17.7802,2.19093,2.67409,-24.1707,0.125658,0.250911,0.125658,0.250917,2.85564,122.399
17.8002,2.19188,2.6718,-26.7165,0.123883,0.271314,0.123883,0.271315,2.78467,127.289
17.8202,2.19291,2.6696,-29.351,0.121246,0.293916,0.121246,0.293907,2.70109,131.727
17.8402,2.194,2.66751,-32.0648,0.117798,0.316816,0.117798,0.316825,2.61045,135.687
17.8602,2.19514,2.66555,-34.8476,0.1136,0.338617,0.1136,0.338617,2.51305,139.142
17.8802,2.19632,2.66372,-37.689,0.108718,0.358361,0.108718,0.35836,2.42333,142.071
17.9002,2.19753,2.66205,-40.5781,0.103224,0.375442,0.103225,0.375428,2.34351,144.452
17.9202,2.19874,2.66052,-43.5034,0.0971928,0.389557,0.0971927,0.389575,2.28112,146.266
17.9402,2.19993,2.65916,-46.4533,0.0906973,0.400575,0.0906973,0.400574,2.23276,147.496
17.9602,2.2011,2.65796,-49.4158,0.08381,0.408601,0.08381,0.408609,2.20191,148.127
17.9802,2.20223,2.65692,-52.3788,0.0765995,0.413864,0.0765995,0.413857,2.18674,148.146
18.0002,2.20329,2.65603,-55.3296,0.0691294,0.416695,0.0691294,0.416692,2.17632,147.544
18.0202,2.20427,2.65529,-58.2559,0.0614564,0.417538,0.0614564,0.417539,2.17287,146.313
18.0402,2.20516,2.65469,-61.1449,0.0536292,0.41691,0.0536292,0.41691,2.1687,144.45
18.0602,2.20594,2.65421,-63.984,0.0456882,0.415317,0.0456882,0.415317,2.15816,141.957
18.0802,2.2066,2.65385,-66.7608,0.0376655,0.413277,0.0376655,0.413277,2.13812,138.838
18.1002,2.20713,2.65359,-69.4629,0.0295843,0.411277,0.0295843,0.411278,2.10595,135.103
18.1202,2.20752,2.65342,-72.0782,0.0214608,0.409699,0.0214605,0.409711,2.05934,130.768
18.1402,2.20777,2.65333,-74.5953,0.0133039,0.408901,0.0133039,0.408888,1.99824,125.855
18.1602,2.20787,2.65329,-77.0031,0.00512354,0.40902,0.00512357,0.40902,1.92006,120.39
18.1802,2.2078,2.6533,-79.2913,0.00314115,0.410126,0.00314116,0.41013,1.82659,114.408
18.2002,2.20758,2.65334,-81.4502,0.0113772,0.412109,0.0113772,0.412106,1.7198,107.948
18.2202,2.20719,2.6534,-83.4714,0.0196653,0.41479,0.0196644,0.414734,1.57705,101.056
18.2402,2.20664,2.65347,-85.3471,0.027989,0.417727,0.0280252,0.419484,1.41182,93.7845
18.2602,2.20591,2.65354,-87.0709,0.0363418,0.420536,0.0363458,0.419125,1.44938,86.1917
18.2802,2.20502,2.6536,-88.6377,0.0447138,0.422828,0.044714,0.422737,1.11414,78.3414
18.3002,2.20396,2.65364,-90.0438,0.0530817,0.423751,0.0530831,0.423801,0.938955,70.3024
18.3202,2.20273,2.65365,-91.2867,0.0614141,0.422801,0.0613484,0.418891,0.693049,62.1486
18.3402,2.20134,2.65364,-92.3659,0.0696707,0.419434,0.0696558,0.422578,0.956925,53.958
18.3602,2.19978,2.65359,-93.2822,0.0777896,0.412574,0.0777862,0.413208,0.589247,45.8129
18.3802,2.19807,2.65351,-94.0381,0.0857049,0.402019,0.0857049,0.402244,0.63589,37.7989
18.4002,2.19621,2.65339,-94.6382,0.0933345,0.38702,0.0933345,0.38701,0.777454,30.0047
18.4202,2.1942,2.65325,-95.0887,0.10058,0.366844,0.100581,0.366862,1.00774,22.5222
18.4402,2.19206,2.65307,-95.3976,0.107331,0.340994,0.107365,0.342391,1.23672,15.4455
18.4602,2.1898,2.65286,-95.575,0.113461,0.308816,0.113463,0.307415,1.74891,8.871
18.4802,2.18743,2.65264,-95.633,0.118837,0.270048,0.11884,0.270084,1.90527,2.89761
18.5002,2.18498,2.6524,-95.5855,0.123306,0.223885,0.123335,0.225154,2.28245,2.37395
18.5202,2.18246,2.65215,-95.4487,0.126709,0.170148,0.126713,0.168967,2.83295,6.84096
18.5402,2.17989,2.65191,-95.2407,0.128878,0.108768,0.128878,0.108534,3.08851,10.3986
18.5602,2.17731,2.65166,-94.9819,0.129633,0.0415644,0.129682,0.0449569,3.45892,12.9397
18.5802,2.17475,2.65143,-94.6948,0.128787,0.0487672,0.12879,0.0498795,4.24597,14.3553
18.6002,2.17223,2.65122,-94.4015,0.126493,0.118202,0.126494,0.118198,3.52415,14.6624
18.6202,2.16975,2.65102,-94.1138,0.124139,0.121562,0.124139,0.121565,0.170924,14.3887
18.6402,2.16731,2.65084,-93.8363,0.122391,0.0926283,0.122385,0.0930024,1.4949,13.8712
18.6602,2.16489,2.65067,-93.5707,0.121476,0.0546689,0.121416,0.0574269,1.95796,13.2839
18.6802,2.16246,2.65051,-93.3164,0.121454,0.0290085,0.121445,0.0280331,2.48862,12.7141
18.7002,2.16002,2.65036,-93.0723,0.122315,0.051359,0.122314,0.0515565,2.09601,12.2035
18.7202,2.15754,2.65022,-92.8369,0.124043,0.090535,0.124043,0.0906101,2.14178,11.7692
18.7402,2.15502,2.65009,-92.6086,0.126608,0.130986,0.126608,0.130989,2.08597,11.4161
18.7602,2.15242,2.64996,-92.3858,0.129982,0.170767,0.129982,0.170767,2.01821,11.1426
18.7802,2.14974,2.64984,-92.1669,0.134137,0.209395,0.134144,0.209963,1.96605,10.9439
18.8002,2.14696,2.64973,-91.9506,0.139043,0.246712,0.139042,0.246178,1.83917,10.8141
18.8202,2.14407,2.64963,-91.7357,0.144671,0.282714,0.144666,0.282528,1.81751,10.7465
18.8402,2.14105,2.64953,-91.521,0.150993,0.317341,0.150929,0.314473,1.59749,10.7346
18.8602,2.13789,2.64943,-91.3055,0.15798,0.350575,0.157971,0.353211,1.94357,10.7722
18.8802,2.13458,2.64935,-91.0885,0.165595,0.381944,0.165587,0.381981,1.44019,10.8531
18.9002,2.13111,2.64928,-90.869,0.173812,0.412105,0.173811,0.412446,1.52426,10.9718
18.9202,2.12745,2.64921,-90.6466,0.182602,0.440807,0.182569,0.439569,1.38408,11.1229
18.9402,2.12362,2.64916,-90.4206,0.191933,0.467985,0.191923,0.468839,1.49453,11.3014
18.9602,2.11958,2.64912,-90.1905,0.201771,0.493394,0.201771,0.493855,1.27476,11.5029
18.9802,2.11534,2.6491,-89.956,0.212087,0.517423,0.212087,0.51745,1.19532,11.723
19.0002,2.11088,2.64909,-89.7169,0.222848,0.539846,0.222883,0.541707,1.23397,11.9576
19.0202,2.1062,2.6491,-89.4728,0.234022,0.560688,0.234025,0.558993,0.86525,12.2029
19.0403,2.10129,2.64913,-89.2237,0.245581,0.580138,0.245582,0.580013,1.0801,12.4554
19.0603,2.09614,2.64919,-88.9695,0.25749,0.597895,0.25749,0.597797,0.918034,12.7117
19.0803,2.09075,2.64927,-88.7101,0.269718,0.614112,0.269717,0.614053,0.852635,12.9688
19.1003,2.0851,2.64938,-88.4456,0.282233,0.628785,0.282233,0.628872,0.787018,13.2235
19.1203,2.07921,2.64953,-88.1762,0.295004,0.641952,0.295003,0.641867,0.704462,13.4732
19.1403,2.07305,2.6497,-87.9019,0.308001,0.653603,0.308001,0.653616,0.665,13.715
19.1603,2.06663,2.64992,-87.6229,0.321193,0.663748,0.321193,0.663793,0.600378,13.9466
19.1803,2.05994,2.65018,-87.3396,0.334548,0.67242,0.334548,0.672418,0.545067,14.1654
19.2003,2.05299,2.65048,-87.0523,0.348038,0.67961,0.348038,0.679613,0.502332,14.3691
19.2203,2.04576,2.65083,-86.7611,0.361631,0.685356,0.361631,0.685356,0.464103,14.5557
19.2403,2.03827,2.65123,-86.4667,0.375299,0.689653,0.375299,0.689654,0.434367,14.723
19.2603,2.0305,2.65169,-86.1693,0.389013,0.692553,0.389013,0.692552,0.414736,14.869
19.2803,2.02246,2.6522,-85.8695,0.402743,0.694057,0.402744,0.694058,0.405339,14.9919
19.3003,2.01415,2.65277,-85.5677,0.416463,0.694193,0.416463,0.694192,0.40658,15.0899
19.3203,2.00557,2.65341,-85.2644,0.430145,0.693002,0.430145,0.693001,0.417069,15.1612
19.3403,1.99673,2.65411,-84.9604,0.443761,0.690475,0.443761,0.690473,0.436153,15.2045
19.3603,1.98761,2.65488,-84.656,0.457286,0.686665,0.457286,0.686664,0.461298,15.2182
19.3803,1.97824,2.65573,-84.352,0.470695,0.68159,0.470695,0.681589,0.491103,15.2011
19.4003,1.9686,2.65665,-84.0489,0.483962,0.675292,0.483962,0.675293,0.524405,15.1519
19.4203,1.95871,2.65765,-83.7475,0.497063,0.667778,0.497063,0.667778,0.560546,15.0697
19.4403,1.94857,2.65872,-83.4485,0.509975,0.659106,0.509975,0.659106,0.59702,14.9534
19.4603,1.93818,2.65988,-83.1524,0.522677,0.649302,0.522677,0.649302,0.634776,14.8024
19.4803,1.92755,2.66112,-82.8601,0.535147,0.638408,0.535147,0.638407,0.671921,14.6161
19.5003,1.91668,2.66245,-82.5722,0.547364,0.626454,0.547364,0.626455,0.709304,14.3939
19.5203,1.90558,2.66386,-82.2895,0.559309,0.613491,0.559309,0.613491,0.74546,14.1357
19.5403,1.89426,2.66535,-82.0127,0.570965,0.599549,0.570965,0.59955,0.781434,13.8413
19.5603,1.88273,2.66693,-81.7425,0.582314,0.584675,0.582314,0.584674,0.815903,13.5108
19.5803,1.87098,2.6686,-81.4796,0.59334,0.568906,0.59334,0.568906,0.849668,13.1446
19.6003,1.85902,2.67035,-81.2247,0.604027,0.552295,0.604027,0.552294,0.881675,12.743
19.6203,1.84688,2.67219,-80.9786,0.614363,0.534901,0.614363,0.534903,0.911628,12.3067
19.6403,1.83454,2.67412,-80.7418,0.624335,0.516761,0.624335,0.51676,0.940879,11.8367
19.6603,1.82202,2.67612,-80.5152,0.633932,0.497921,0.633932,0.497922,0.968411,11.3338
19.6803,1.80933,2.67821,-80.2992,0.643142,0.478429,0.643142,0.478431,0.994526,10.7993
19.7003,1.79647,2.68037,-80.0945,0.651957,0.458333,0.651957,0.45833,1.01967,10.2346
19.7203,1.78345,2.68261,-79.9017,0.660369,0.4377,0.660369,0.437699,1.04153,9.64139
19.7403,1.77029,2.68493,-79.7212,0.668371,0.41657,0.668371,0.416571,1.06273,9.02125
19.7603,1.75698,2.68731,-79.5537,0.675957,0.395002,0.675957,0.395002,1.08184,8.37619
19.7803,1.74354,2.68976,-79.3996,0.683121,0.373039,0.683121,0.373039,1.09957,7.70823
19.8003,1.72997,2.69227,-79.2592,0.68986,0.350743,0.68986,0.350741,1.1152,7.01954
19.8203,1.71629,2.69485,-79.1329,0.69617,0.328152,0.69617,0.328141,1.13004,6.31248
19.8403,1.70249,2.69747,-79.0211,0.70205,0.305327,0.70205,0.305338,1.14068,5.58953
19.8603,1.6886,2.70015,-78.9241,0.707496,0.282306,0.707496,0.282306,1.15354,4.85316
19.8803,1.67461,2.70287,-78.8419,0.712508,0.259162,0.712508,0.259163,1.16142,4.10607
19.9003,1.66054,2.70563,-78.7749,0.717086,0.235933,0.717086,0.235934,1.16895,3.35091
19.9203,1.64639,2.70842,-78.7231,0.721229,0.21268,0.721229,0.21268,1.17465,2.59039
19.9403,1.63217,2.71125,-78.6866,0.724937,0.189471,0.724937,0.189467,1.17865,1.82732
19.9603,1.61788,2.7141,-78.6653,0.728212,0.166376,0.728212,0.166379,1.18044,1.06451
19.9803,1.60355,2.71697,-78.6592,0.731054,0.14348,0.731054,0.143479,1.18228,0.304767
20.0003,1.58916,2.71985,-78.6682,0.733464,0.120945,0.733464,0.120945,1.18094,0.44929
20.0203,1.57474,2.72274,-78.6921,0.735443,0.0989844,0.735443,0.0989877,1.17893,1.19475
20.0403,1.56029,2.72563,-78.7306,0.736994,0.0780323,0.736994,0.0780323,1.17649,1.92902
20.0603,1.54581,2.72852,-78.7836,0.738116,0.0591041,0.738116,0.0591016,1.17159,2.64943
20.0803,1.53132,2.7314,-78.8507,0.738813,0.0446252,0.738813,0.0446245,1.16528,3.35342
20.1003,1.51682,2.73427,-78.9315,0.739085,0.0395158,0.739085,0.0395171,1.15971,4.03864
20.1203,1.50232,2.73712,-79.0255,0.738933,0.0467011,0.738932,0.0467072,1.1528,4.70277
20.1403,1.48782,2.73994,-79.1324,0.738359,0.0618372,0.738359,0.0618234,1.14206,5.34366
20.1603,1.47334,2.74274,-79.2516,0.737365,0.0803807,0.737365,0.0803693,1.13566,5.95921
20.1803,1.45888,2.74551,-79.3825,0.73595,0.100327,0.73595,0.100338,1.12881,6.54751
20.2003,1.44446,2.74823,-79.5247,0.734117,0.120846,0.734117,0.120846,1.11713,7.10687
20.2203,1.43007,2.75092,-79.6774,0.731866,0.141584,0.731866,0.141581,1.10846,7.63576
20.2403,1.41573,2.75355,-79.84,0.729199,0.162369,0.729199,0.162372,1.1003,8.13281
20.2603,1.40144,2.75614,-80.012,0.726116,0.183096,0.726116,0.183095,1.0907,8.59683
20.2803,1.38721,2.75867,-80.1925,0.722619,0.2037,0.722619,0.203701,1.0819,9.0268
20.3003,1.37305,2.76115,-80.3809,0.718709,0.224143,0.718709,0.224144,1.07292,9.42199
20.3203,1.35897,2.76357,-80.5766,0.714388,0.244419,0.714388,0.244418,1.06507,9.78179
20.3403,1.34497,2.76592,-80.7787,0.709656,0.264507,0.709656,0.264507,1.05753,10.1058
20.3603,1.33107,2.76821,-80.9866,0.704515,0.284394,0.704515,0.284394,1.04998,10.3938
20.3803,1.31727,2.77044,-81.1995,0.698969,0.304054,0.698969,0.304053,1.04193,10.6459
20.4003,1.30357,2.77259,-81.4167,0.693018,0.323493,0.693018,0.32349,1.03457,10.8623
20.4203,1.29,2.77468,-81.6376,0.686666,0.342716,0.686666,0.342719,1.02863,11.0432
20.4403,1.27655,2.77669,-81.8614,0.679915,0.361682,0.679915,0.361697,1.02051,11.1894
20.4603,1.26324,2.77863,-82.0874,0.672769,0.380415,0.672769,0.3804,1.01172,11.3015
20.4803,1.25006,2.7805,-82.315,0.665233,0.39888,0.665233,0.398861,1.00465,11.3804
20.5003,1.23704,2.78229,-82.5436,0.657309,0.417086,0.657309,0.417107,0.99809,11.4272
20.5203,1.22417,2.78401,-82.7724,0.649005,0.434997,0.649005,0.434995,0.985796,11.443
20.5403,1.21147,2.78565,-83.001,0.640324,0.452605,0.640324,0.452619,0.977251,11.429
20.5603,1.19895,2.78723,-83.2288,0.631274,0.469915,0.631274,0.469899,0.964493,11.3868
20.5803,1.1866,2.78873,-83.4551,0.62186,0.486874,0.62186,0.486872,0.953153,11.3179
20.6003,1.17444,2.79015,-83.6796,0.612092,0.503478,0.612092,0.50348,0.939126,11.2237
20.6203,1.16248,2.79151,-83.9017,0.601975,0.519715,0.601975,0.519713,0.923683,11.1061
20.6403,1.15072,2.7928,-84.121,0.591519,0.535559,0.591519,0.535562,0.9076,10.9666
20.6603,1.13917,2.79402,-84.3372,0.580734,0.550971,0.580734,0.550972,0.88845,10.807
20.6803,1.12783,2.79517,-84.5498,0.569629,0.565925,0.569629,0.565925,0.867909,10.629
20.7003,1.11672,2.79626,-84.7584,0.558214,0.580419,0.558214,0.580419,0.84677,10.4345
20.7203,1.10584,2.79729,-84.9629,0.546501,0.594416,0.546501,0.594417,0.823385,10.2252
20.7403,1.0952,2.79825,-85.163,0.534502,0.60786,0.534502,0.607859,0.797022,10.0027
20.7603,1.08479,2.79916,-85.3584,0.522228,0.620765,0.522228,0.620761,0.771002,9.76889
20.7803,1.07463,2.80001,-85.5489,0.509693,0.633056,0.509693,0.633059,0.740261,9.52536
20.8003,1.06473,2.8008,-85.7343,0.496911,0.644754,0.496911,0.644754,0.711652,9.27375
20.8203,1.05508,2.80155,-85.9147,0.483895,0.655786,0.483895,0.655788,0.6784,9.01559
20.8403,1.04569,2.80224,-86.0897,0.47066,0.666147,0.47066,0.666144,0.644868,8.75244
20.8603,1.03657,2.80288,-86.2594,0.457221,0.675799,0.457221,0.675798,0.609647,8.48562
20.8803,1.02771,2.80348,-86.4238,0.443595,0.684697,0.443595,0.684699,0.572659,8.21652
20.9003,1.01914,2.80403,-86.5827,0.429797,0.692858,0.429797,0.692858,0.536817,7.94639
20.9203,1.01084,2.80454,-86.7362,0.415844,0.700207,0.415844,0.700209,0.496087,7.67636
20.9403,1.00281,2.80502,-86.8844,0.401754,0.706729,0.401754,0.706729,0.458013,7.40759
20.9603,0.995075,2.80545,-87.0272,0.387544,0.712415,0.387544,0.712413,0.418671,7.14097
20.9803,0.987621,2.80585,-87.1647,0.373233,0.717212,0.373233,0.717204,0.378038,6.87741
21.0003,0.980454,2.80622,-87.2971,0.358839,0.721098,0.358839,0.721107,0.342766,6.61779
21.0203,0.973575,2.80656,-87.4243,0.344382,0.724058,0.344382,0.724056,0.302605,6.36269
21.0403,0.966984,2.80687,-87.5466,0.329881,0.726059,0.329881,0.726058,0.270894,6.11282
21.0603,0.960683,2.80715,-87.664,0.315357,0.727067,0.315357,0.727066,0.243132,5.86868
21.0803,0.954672,2.8074,-87.7766,0.30083,0.727072,0.30083,0.727073,0.224675,5.63078
21.1003,0.94895,2.80763,-87.8846,0.286322,0.726042,0.286322,0.726041,0.217461,5.39947
21.1203,0.943517,2.80784,-87.9881,0.271853,0.723946,0.271853,0.723947,0.22404,5.17504
21.1403,0.938372,2.80803,-88.0872,0.257446,0.720765,0.257446,0.720763,0.244802,4.95771
21.1603,0.933513,2.8082,-88.1822,0.243123,0.716481,0.243124,0.716457,0.26339,4.74768
21.1803,0.928937,2.80835,-88.2731,0.228908,0.711038,0.228868,0.712917,0.579234,4.54504
21.2003,0.924642,2.80848,-88.3601,0.214825,0.704409,0.214819,0.702819,0.7056,4.34999
21.2203,0.920626,2.8086,-88.4433,0.200893,0.696759,0.20089,0.696685,0.477363,4.16211
21.2403,0.916885,2.80871,-88.523,0.187141,0.687773,0.187141,0.687609,0.482609,3.98157
21.2603,0.913414,2.8088,-88.5991,0.173592,0.677577,0.17359,0.677641,0.516598,3.8083
21.2803,0.91021,2.80888,-88.672,0.160271,0.666142,0.160271,0.666094,0.588059,3.64219
21.3003,0.907266,2.80895,-88.7416,0.147204,0.653405,0.147204,0.653389,0.643111,3.48302
21.3203,0.904579,2.80901,-88.8082,0.134417,0.639408,0.134417,0.639408,0.705429,3.33059
21.3403,0.902141,2.80907,-88.8719,0.121937,0.624064,0.121937,0.624065,0.771907,3.18465
21.3603,0.899945,2.80911,-88.9328,0.10979,0.607398,0.10979,0.607395,0.837219,3.04501
21.3803,0.897986,2.80915,-88.9911,0.0980033,0.58935,0.0980032,0.589353,0.904893,2.91127
21.4003,0.896254,2.80918,-89.0467,0.086605,0.569932,0.0866051,0.56993,0.973398,2.78325
21.4203,0.894742,2.80921,-89.1,0.0756234,0.549098,0.0756234,0.5491,1.04314,2.6606
21.4403,0.89344,2.80923,-89.1508,0.0650873,0.526816,0.0650873,0.526814,1.11557,2.54296
21.4603,0.89234,2.80925,-89.1994,0.0550252,0.50311,0.0550252,0.503111,1.18615,2.43011
